N,Z,rate
0,1,7.29E+09
1,1,6.35E+10
2,1,5.41E+10
1,2,6.88E+10
2,2,2.20E+11
4,2,3.98E+10
6,2,6.25E+08
3,3,5.12E+11
4,3,3.39E+11
5,3,9.79E+10
6,3,1.83E+10
8,3,2.01E+08
3,4,3.84E+11
5,4,7.40E+11
6,4,2.30E+11
7,4,5.68E+10
8,4,7.81E+09
10,4,8.78E+07
3,5,6.86E+10
5,5,2.00E+12
6,5,1.54E+12
7,5,6.23E+11
8,5,1.83E+11
9,5,3.79E+10
10,5,4.93E+09
12,5,2960000
14,5,368
3,6,6.97E+09
4,6,1.21E+11
5,6,1.23E+12
6,6,3.51E+12
7,6,2.75E+12
8,6,1.63E+12
9,6,6.18E+11
10,6,1.70E+11
11,6,1.99E+09
12,6,2.06E+08
13,6,2180000
14,6,28000
16,6,103
5,7,1.90E+11
6,7,2.09E+12
7,7,5.95E+12
8,7,4.59E+12
9,7,4.02E+12
10,7,2.03E+12
11,7,5.62E+10
12,7,8.08E+09
13,7,8.20E+07
14,7,1710000
15,7,107000
16,7,7230
5,8,1.61E+10
6,8,3.51E+11
7,8,3.80E+12
8,8,3.32E+14
9,8,6.28E+12
10,8,3.32E+14
11,8,6.70E+11
12,8,1.80E+11
13,8,1.86E+09
14,8,7.10E+07
15,8,5500000
16,8,436000
8,9,1.58E+12
9,9,4.73E+12
10,9,3.71E+12
11,9,3.43E+12
12,9,1.66E+12
13,9,1.78E+10
14,9,1.96E+09
15,9,1.94E+08
16,9,1.99E+07
17,9,1800000
18,9,148000
20,9,885
22,9,6.01
7,10,1.10E+10
8,10,2.55E+11
9,10,2.84E+12
10,10,2.75E+14
11,10,4.77E+12
12,10,2.70E+14
13,10,1.54E+11
14,10,3.22E+10
15,10,4.78E+09
16,10,6.06E+08
17,10,7.21E+07
18,10,7340000
19,10,620000
20,10,50000
21,10,2860
22,10,335
24,10,5.8
9,11,3.12E+10
10,11,3.57E+11
11,11,1.39E+12
12,11,1.60E+12
13,11,8.08E+11
14,11,2.84E+11
15,11,6.97E+10
16,11,1.19E+10
17,11,1.89E+09
18,11,2.61E+08
19,11,2.92E+07
20,11,2980000
21,11,143000
22,11,15700
23,11,1790
24,11,259
26,11,7.02
8,12,8.59E+07
9,12,1.70E+09
10,12,3.60E+10
11,12,5.00E+11
12,12,1.91E+12
13,12,2.04E+12
14,12,1.31E+12
15,12,5.51E+11
16,12,1.38E+11
17,12,3.39E+10
18,12,5.98E+09
19,12,1.03E+09
20,12,1.37E+08
21,12,6080000
22,12,733000
23,12,87700
24,12,10700
25,12,1650
26,12,280
28,12,5.04
9,13,1.04E+08
10,13,2.39E+09
11,13,6.00E+10
12,13,8.05E+11
13,13,2.89E+12
14,13,2.29E+12
15,13,2.26E+12
16,13,1.03E+12
17,13,2.71E+11
18,13,9.04E+10
19,13,2.03E+10
20,13,3.64E+09
21,13,1.90E+08
22,13,2.77E+07
23,13,3810000
24,13,473000
25,13,65900
26,13,10300
27,13,1590
28,13,198
29,13,3.45
30,13,0.0257
8,14,282000
9,14,6440000
10,14,1.58E+08
11,14,4.22E+09
12,14,1.16E+11
13,14,1.60E+12
14,14,2.10E+14
15,14,2.86E+12
16,14,2.08E+14
17,14,1.06E+12
18,14,5.97E+11
19,14,2.44E+11
20,14,5.53E+10
21,14,3.46E+09
22,14,7.15E+08
23,14,1.25E+08
24,14,2.00E+07
25,14,2990000
26,14,428000
27,14,63100
28,14,7850
29,14,116
30,14,0.72
32,14,0.000446
11,15,5.27E+07
12,15,1.35E+09
13,15,3.84E+10
14,15,5.72E+11
15,15,2.28E+12
16,15,1.75E+12
17,15,1.36E+12
18,15,1.78E+12
19,15,1.35E+12
20,15,6.31E+11
21,15,3.60E+10
22,15,1.06E+10
23,15,2.62E+09
24,15,5.61E+08
25,15,1.08E+08
26,15,1.99E+07
27,15,3260000
28,15,437000
29,15,5140
30,15,20.9
31,15,0.0533
32,15,0.00736
34,15,0.000392
11,16,3160000
12,16,8.72E+07
13,16,2.56E+09
14,16,7.73E+10
15,16,1.22E+12
16,16,1.88E+14
17,16,1.53E+12
18,16,1.20E+12
19,16,2.44E+12
20,16,1.86E+14
21,16,2.20E+11
22,16,8.72E+10
23,16,3.13E+10
24,16,9.60E+09
25,16,2.64E+09
26,16,6.52E+08
27,16,1.37E+08
28,16,2.10E+07
29,16,226000
30,16,662
31,16,2.01
32,16,0.233
34,16,0.00394
36,16,0.000197
14,17,7.83E+08
15,17,2.42E+10
16,17,4.08E+11
17,17,1.84E+12
18,17,1.45E+12
19,17,1.08E+12
20,17,1.47E+12
21,17,1.14E+12
22,17,5.19E+11
23,17,2.03E+11
24,17,9.30E+10
25,17,3.69E+10
26,17,1.26E+10
27,17,3.46E+09
28,17,6.65E+08
29,17,6930000
30,17,16800
31,17,182
32,17,6.86
33,17,0.912
34,17,0.116
35,17,0.0149
36,17,0.00223
38,17,9.26E-05
13,18,1580000
14,18,4.81E+07
15,18,1.54E+09
16,18,5.18E+10
17,18,9.58E+11
18,18,1.70E+14
19,18,1.33E+12
20,18,9.43E+11
21,18,1.97E+12
22,18,1.71E+14
23,18,6.15E+11
24,18,4.53E+11
25,18,2.70E+11
26,18,1.34E+11
27,18,5.27E+10
28,18,1.44E+10
29,18,1.47E+08
30,18,325000
31,18,10300
32,18,227
33,18,27.7
34,18,3.67
35,18,0.563
36,18,0.0562
38,18,0.00164
40,18,9.52E-05
42,18,5.88E-06
15,19,1.55E+07
16,19,5.23E+08
17,19,1.51E+10
18,19,2.93E+11
19,19,1.49E+12
20,19,1.22E+12
21,19,1.81E+11
22,19,2.45E+11
23,19,5.32E+11
24,19,7.95E+11
25,19,8.85E+11
26,19,7.29E+11
27,19,4.74E+11
28,19,2.24E+11
29,19,2.26E+09
30,19,4740000
31,19,220000
32,19,8430
33,19,2070
34,19,253
35,19,30.9
36,19,1.56
37,19,0.407
38,19,0.0473
39,19,0.00839
40,19,0.00175
42,19,0.000117
44,19,5.02E-06
46,19,3.25E-07
14,20,25300
15,20,788000
16,20,2.64E+07
17,20,9.28E+08
18,20,3.49E+10
19,20,7.62E+11
20,20,1.56E+14
21,20,1.18E+11
22,20,2.11E+11
23,20,1.45E+11
24,20,3.03E+11
25,20,6.36E+11
26,20,1.07E+12
27,20,1.52E+12
28,20,1.57E+14
29,20,1.51E+10
30,20,3.09E+07
31,20,2450000
32,20,328000
33,20,134000
34,20,11200
35,20,2490
36,20,204
37,20,29.8
38,20,4.18
39,20,0.234
40,20,0.0431
42,20,0.0017
44,20,7.90E-05
46,20,6.80E-06
48,20,6.48E-07
50,20,6.31E-08
18,21,3.52E+08
19,21,7.66E+09
20,21,1.21E+10
21,21,2.47E+10
22,21,1.25E+11
23,21,2.43E+11
24,21,1.82E+11
25,21,1.17E+11
26,21,5.95E+10
27,21,2.29E+10
28,21,6.97E+09
29,21,1.73E+09
30,21,2.99E+08
31,21,5.20E+07
32,21,8200000
33,21,1180000
34,21,163000
35,21,46500
36,21,3510
37,21,1180
38,21,30.9
39,21,7.36
40,21,1.12
41,21,0.203
42,21,0.0381
43,21,0.00609
44,21,0.00146
45,21,0.000355
46,21,0.00011
47,21,3.72E-05
48,21,1.15E-05
50,21,8.43E-07
52,21,5.58E-08
17,22,18000
18,22,686000
19,22,1.52E+07
20,22,7.08E+07
21,22,1.65E+09
22,22,2.46E+10
23,22,1.35E+11
24,22,2.81E+11
25,22,2.23E+11
26,22,1.56E+11
27,22,9.05E+10
28,22,3.91E+10
29,22,1.34E+10
30,22,3.30E+09
31,22,7.73E+08
32,22,1.61E+08
33,22,3.07E+07
34,22,5240000
35,22,768000
36,22,82600
37,22,7220
38,22,943
39,22,144
40,22,25.6
41,22,4.87
42,22,0.813
43,22,0.132
44,22,0.0311
45,22,0.0071
46,22,0.00149
47,22,0.000434
48,22,0.000138
49,22,4.34E-05
50,22,1.21E-05
52,22,7.02E-07
19,23,106000
20,23,2570000
21,23,6.42E+07
22,23,1.63E+09
23,23,2.64E+10
24,23,1.53E+11
25,23,3.29E+11
26,23,2.72E+11
27,23,1.99E+11
28,23,1.34E+11
29,23,6.56E+10
30,23,2.59E+10
31,23,8.70E+09
32,23,2.17E+09
33,23,5.41E+08
34,23,1.16E+08
35,23,2.02E+07
36,23,2500000
37,23,242000
38,23,32200
39,23,4550
40,23,692
41,23,116
42,23,19.5
43,23,2.99
44,23,0.629
45,23,0.141
46,23,0.029
47,23,0.00502
48,23,0.00137
49,23,0.000478
50,23,0.000146
52,23,9.72E-06
18,24,155
19,24,3660
20,24,90800
21,24,2370000
22,24,6.47E+07
23,24,1.85E+09
24,24,3.07E+10
25,24,1.79E+11
26,24,3.92E+11
27,24,3.33E+11
28,24,2.42E+11
29,24,1.95E+11
30,24,1.13E+11
31,24,5.30E+10
32,24,2.12E+10
33,24,6.30E+09
34,24,1.73E+09
35,24,3.68E+08
36,24,5.35E+07
37,24,5910000
38,24,980000
39,24,170000
40,24,23900
41,24,3770
42,24,573
43,24,78.2
44,24,13.6
45,24,2.71
46,24,0.546
47,24,0.0924
48,24,0.0117
49,24,0.0039
50,24,0.00116
52,24,0.000115
54,24,6.11E-06
21,25,87000
22,25,2490000
23,25,7.26E+07
24,25,2.23E+09
25,25,3.68E+10
26,25,2.15E+11
27,25,4.80E+11
28,25,4.05E+11
29,25,2.72E+11
30,25,2.81E+11
31,25,1.97E+11
32,25,1.11E+11
33,25,5.21E+10
34,25,2.00E+10
35,25,4.86E+09
36,25,8.96E+08
37,25,1.02E+08
38,25,2.17E+07
39,25,4300000
40,25,842000
41,25,180000
42,25,34300
43,25,6840
44,25,435
45,25,59.9
46,25,10.5
47,25,1.71
48,25,0.198
49,25,0.0415
50,25,0.0121
51,25,0.00332
52,25,0.00111
53,25,0.000302
54,25,7.76E-05
56,25,4.29E-06
19,26,4.38
20,26,115
21,26,3230
22,26,93300
23,26,2790000
24,26,8.55E+07
25,26,2.78E+09
26,26,4.52E+10
27,26,2.71E+11
28,26,6.25E+11
29,26,4.72E+11
30,26,2.76E+11
31,26,3.70E+11
32,26,3.38E+11
33,26,2.33E+11
34,26,1.28E+11
35,26,5.35E+10
36,26,1.26E+10
37,26,1.21E+09
38,26,3.36E+08
39,26,8.62E+07
40,26,2.05E+07
41,26,4430000
42,26,828000
43,26,125000
44,26,13500
45,26,1710
46,26,283
47,26,39.5
48,26,4.26
49,26,0.41
50,26,0.13
51,26,0.0335
52,26,0.0101
53,26,0.00271
54,26,0.000695
56,26,5.21E-05
58,26,4.91E-06
23,27,105000
24,27,3260000
25,27,1.01E+08
26,27,3.20E+09
27,27,5.48E+10
28,27,3.70E+11
29,27,8.90E+11
30,27,4.26E+11
31,27,3.18E+11
32,27,4.06E+11
33,27,5.32E+11
34,27,4.97E+11
35,27,3.42E+11
36,27,1.64E+11
37,27,9.62E+09
38,27,3.52E+09
39,27,1.17E+09
40,27,3.55E+08
41,27,9.48E+07
42,27,2.13E+07
43,27,3770000
44,27,466000
45,27,63700
46,27,10600
47,27,1440
48,27,147
49,27,7.91
50,27,1.51
51,27,0.359
52,27,0.113
53,27,0.0271
54,27,0.00702
55,27,0.00191
56,27,0.000579
57,27,0.000197
58,27,5.75E-05
20,28,0.151
21,28,4.32
22,28,128
23,28,3890
24,28,118000
25,28,3530000
26,28,1.02E+08
27,28,2.92E+09
28,28,6.61E+10
29,28,6.02E+11
30,28,1.21E+14
31,28,4.39E+11
32,28,4.45E+11
33,28,2.97E+11
34,28,5.67E+11
35,28,8.75E+11
36,28,1.20E+14
37,28,4.90E+10
38,28,2.39E+10
39,28,1.04E+10
40,28,4.04E+09
41,28,1.37E+09
42,28,3.83E+08
43,28,8.31E+07
44,28,1.24E+07
45,28,2050000
46,28,388000
47,28,58400
48,28,9570
49,28,1660
50,28,361
51,28,7.82
52,28,2.65
53,28,0.267
54,28,0.124
55,28,0.0169
56,28,0.00483
57,28,0.00162
58,28,0.000514
26,29,662000
27,29,2.94E+07
28,29,6.65E+08
29,29,6.03E+09
30,29,4.12E+10
31,29,2.08E+11
32,29,5.41E+11
33,29,6.51E+11
34,29,2.56E+11
35,29,1.62E+11
36,29,1.84E+11
37,29,1.52E+11
38,29,1.00E+11
39,29,5.86E+10
40,29,3.00E+10
41,29,1.33E+10
42,29,4.86E+09
43,29,1.38E+09
44,29,2.71E+08
45,29,4.64E+07
46,29,1.06E+07
47,29,1870000
48,29,231000
49,29,45200
50,29,7640
51,29,586
52,29,77.2
53,29,8.79
54,29,0.733
55,29,0.183
56,29,0.0507
57,29,0.016
58,29,0.00497
60,29,0.000316
62,29,1.94E-05
64,29,2.35E-06
66,29,3.69E-07
68,29,1.11E-07
24,30,11.8
25,30,307
26,30,7900
27,30,196000
28,30,4530000
29,30,9.53E+07
30,30,1.94E+09
31,30,2.44E+10
32,30,1.76E+11
33,30,6.75E+11
34,30,1.13E+14
35,30,1.10E+11
36,30,1.47E+11
37,30,2.11E+11
38,30,2.32E+11
39,30,1.93E+11
40,30,1.38E+11
41,30,8.44E+10
42,30,4.33E+10
43,30,1.75E+10
44,30,5.08E+09
45,30,7.18E+08
46,30,2.04E+08
47,30,4.46E+07
48,30,6770000
49,30,287000
50,30,159000
51,30,9260
52,30,3040
53,30,319
54,30,16.4
55,30,3.07
56,30,0.495
57,30,0.146
58,30,0.0441
59,30,0.0119
60,30,0.00269
61,30,0.000626
62,30,0.000182
64,30,2.07E-05
66,30,2.67E-06
68,30,4.41E-07
70,30,1.20E-07
29,31,450000
30,31,1.83E+07
31,31,2.65E+08
32,31,4.25E+09
33,31,3.01E+10
34,31,9.94E+10
35,31,1.65E+11
36,31,1.42E+11
37,31,1.02E+11
38,31,1.86E+11
39,31,2.72E+11
40,31,3.29E+11
41,31,3.05E+11
42,31,2.40E+11
43,31,1.55E+11
44,31,7.70E+10
45,31,7.61E+09
46,31,2.81E+09
47,31,8.12E+08
48,31,1.65E+08
49,31,4210000
50,31,2770000
51,31,312000
52,31,124000
53,31,13500
54,31,807
55,31,142
56,31,9.88
57,31,2.7
58,31,0.888
59,31,0.116
60,31,0.0245
61,31,0.00578
62,31,0.0017
63,31,0.0006
64,31,0.000213
65,31,7.11E-05
66,31,2.42E-05
67,31,8.35E-06
68,31,2.94E-06
70,31,4.67E-07
72,31,1.45E-07
74,31,6.04E-08
27,32,12
28,32,319
29,32,8740
30,32,248000
31,32,7130000
32,32,2.21E+08
33,32,3.65E+09
34,32,2.74E+10
35,32,9.85E+10
36,32,1.83E+11
37,32,1.84E+11
38,32,1.09E+11
39,32,1.11E+11
40,32,1.92E+11
41,32,3.19E+11
42,32,4.52E+11
43,32,5.73E+11
44,32,1.06E+14
45,32,5.38E+10
46,32,2.76E+10
47,32,1.14E+10
48,32,3.43E+09
49,32,5.06E+07
50,32,1.96E+07
51,32,3810000
52,32,2420000
53,32,204000
54,32,41600
55,32,2270
56,32,191
57,32,24.8
58,32,8.15
59,32,1.77
60,32,0.473
61,32,0.0499
62,32,0.0143
63,32,0.00507
64,32,0.0018
65,32,0.000662
66,32,0.000232
67,32,7.71E-05
68,32,2.63E-05
70,32,3.12E-06
72,32,5.17E-07
74,32,1.51E-07
76,32,6.34E-08
78,32,2.84E-08
31,33,188000
32,33,5330000
33,33,1.67E+08
34,33,2.88E+09
35,33,2.32E+10
36,33,9.28E+10
37,33,1.98E+11
38,33,2.39E+11
39,33,1.59E+11
40,33,1.06E+11
41,33,1.30E+11
42,33,1.93E+11
43,33,2.40E+11
44,33,2.53E+11
45,33,2.23E+11
46,33,1.71E+11
47,33,1.11E+11
48,33,5.69E+10
49,33,8.23E+08
50,33,1.69E+08
51,33,2.45E+07
52,33,2.87E+07
53,33,5450000
54,33,1570000
55,33,106000
56,33,10300
57,33,758
58,33,109
59,33,19.9
60,33,4.01
61,33,0.892
62,33,0.138
63,33,0.0467
64,33,0.0164
65,33,0.00599
66,33,0.0021
67,33,0.000753
68,33,0.000259
69,33,7.86E-05
70,33,2.65E-05
71,33,8.53E-06
72,33,2.97E-06
73,33,1.11E-06
74,33,5.16E-07
76,33,1.66E-07
78,33,5.90E-08
80,33,2.00E-08
82,33,6.10E-09
29,34,5.85
30,34,165
31,34,4640
32,34,130000
33,34,3580000
34,34,1.10E+08
35,34,1.98E+09
36,34,1.74E+10
37,34,8.04E+10
38,34,2.07E+11
39,34,3.07E+11
40,34,2.35E+11
41,34,9.69E+10
42,34,1.31E+11
43,34,1.56E+11
44,34,1.98E+11
45,34,2.90E+11
46,34,3.84E+11
47,34,4.60E+11
48,34,9.59E+13
49,34,1.06E+10
50,34,3.21E+09
51,34,8.40E+07
52,34,1.51E+08
53,34,4.30E+07
54,34,1.87E+07
55,34,2480000
56,34,428000
57,34,41700
58,34,4550
59,34,614
60,34,60.1
61,34,9.18
62,34,2.43
63,34,0.831
64,34,0.133
65,34,0.0488
66,34,0.0166
67,34,0.00604
68,34,0.00211
69,34,0.000706
70,34,0.000233
71,34,7.05E-05
72,34,2.38E-05
73,34,7.72E-06
74,34,2.74E-06
76,34,5.36E-07
78,34,1.49E-07
80,34,4.27E-08
82,34,1.10E-08
33,35,79400
34,35,2020000
35,35,5.43E+07
36,35,1.03E+09
37,35,1.03E+10
38,35,5.91E+10
39,35,1.98E+11
40,35,3.84E+11
41,35,3.61E+11
42,35,1.31E+11
43,35,1.03E+11
44,35,1.56E+11
45,35,2.01E+11
46,35,2.20E+11
47,35,1.93E+11
48,35,1.49E+11
49,35,9.66E+10
50,35,4.96E+10
51,35,4.98E+08
52,35,3.46E+08
53,35,2.26E+08
54,35,1.54E+08
55,35,3.09E+07
56,35,1.11E+07
57,35,1430000
58,35,390000
59,35,55500
60,35,2580
61,35,195
62,35,23.1
63,35,6.47
64,35,2.22
65,35,0.736
66,35,0.143
67,35,0.0485
68,35,0.0172
69,35,0.00577
70,35,0.00193
71,35,0.000623
72,35,0.000198
73,35,6.01E-05
74,35,2.04E-05
75,35,7.14E-06
76,35,2.79E-06
77,35,1.20E-06
78,35,5.55E-07
79,35,2.55E-07
80,35,1.15E-07
81,35,4.86E-08
82,35,2.23E-08
83,35,1.13E-08
31,36,2.46
32,36,64.4
33,36,1610
34,36,37800
35,36,814000
36,36,1.58E+07
37,36,3.07E+08
38,36,3.85E+09
39,36,3.07E+10
40,36,1.56E+11
41,36,4.59E+11
42,36,8.95E+13
43,36,5.36E+10
44,36,7.34E+10
45,36,9.29E+10
46,36,1.58E+11
47,36,2.39E+11
48,36,3.17E+11
49,36,3.84E+11
50,36,9.07E+13
51,36,3.82E+09
52,36,1.37E+09
53,36,4.91E+08
54,36,3.80E+08
55,36,1.30E+08
56,36,5.61E+07
57,36,1.81E+07
58,36,8000000
59,36,2100000
60,36,193000
61,36,13400
62,36,715
63,36,71.1
64,36,14.6
65,36,5.08
66,36,1.1
67,36,0.368
68,36,0.126
69,36,0.0413
70,36,0.0137
71,36,0.00458
72,36,0.00153
73,36,0.000491
74,36,0.00016
75,36,5.44E-05
76,36,2.07E-05
77,36,7.86E-06
78,36,3.13E-06
79,36,1.24E-06
80,36,4.41E-07
81,36,1.48E-07
82,36,5.72E-08
83,36,2.35E-08
84,36,1.21E-08
35,37,3820
36,37,116000
37,37,3500000
38,37,1.12E+08
39,37,1.71E+09
40,37,1.25E+10
41,37,4.62E+10
42,37,9.20E+10
43,37,1.05E+11
44,37,7.14E+10
45,37,6.87E+10
46,37,8.64E+10
47,37,8.54E+10
48,37,6.99E+10
49,37,5.11E+10
50,37,3.24E+10
51,37,1.91E+10
52,37,1.00E+10
53,37,4.57E+09
54,37,1.74E+09
55,37,5.21E+08
56,37,2.25E+08
57,37,1.07E+08
58,37,8.65E+07
59,37,2.01E+07
60,37,6300000
61,37,400000
62,37,36600
63,37,3210
64,37,389
65,37,57.1
66,37,14.9
67,37,4.39
68,37,0.98
69,37,0.316
70,37,0.0995
71,37,0.0335
72,37,0.0112
73,37,0.0037
74,37,0.00128
75,37,0.000451
76,37,0.000167
77,37,6.26E-05
78,37,2.33E-05
79,37,8.52E-06
80,37,2.63E-06
81,37,7.18E-07
82,37,2.01E-07
83,37,6.26E-08
84,37,2.81E-08
33,38,0.098
34,38,2.84
35,38,84.5
36,38,2580
37,38,79000
38,38,2360000
39,38,7.73E+07
40,38,1.24E+09
41,38,9.76E+09
42,38,4.01E+10
43,38,9.11E+10
44,38,1.23E+11
45,38,9.76E+10
46,38,5.31E+10
47,38,8.17E+10
48,38,1.03E+11
49,38,1.07E+11
50,38,9.44E+10
51,38,7.20E+10
52,38,4.99E+10
53,38,3.05E+10
54,38,1.59E+10
55,38,6.73E+09
56,38,2.13E+09
57,38,2.54E+08
58,38,3.44E+08
59,38,1.18E+08
60,38,8.28E+07
61,38,4130000
62,38,1150000
63,38,50800
64,38,17200
65,38,2290
66,38,175
67,38,34.5
68,38,7.97
69,38,2.22
70,38,0.729
71,38,0.225
72,38,0.0754
73,38,0.0249
74,38,0.00888
75,38,0.00331
76,38,0.0013
77,38,0.000501
78,38,0.000183
79,38,6.18E-05
80,38,1.87E-05
81,38,4.55E-06
82,38,1.05E-06
84,38,8.94E-08
37,39,1660
38,39,48900
39,39,1420000
40,39,4.69E+07
41,39,7.94E+08
42,39,6.84E+09
43,39,3.19E+10
44,39,8.52E+10
45,39,1.38E+11
46,39,1.34E+11
47,39,7.99E+10
48,39,5.77E+10
49,39,9.11E+10
50,39,1.23E+11
51,39,1.46E+11
52,39,1.49E+11
53,39,1.26E+11
54,39,9.67E+10
55,39,6.31E+10
56,39,3.33E+10
57,39,5.93E+08
58,39,5.30E+08
59,39,5.70E+08
60,39,3.37E+08
61,39,8.15E+07
62,39,1.45E+07
63,39,4230000
64,39,704000
65,39,73600
66,39,9500
67,39,502
68,39,134
69,39,28.3
70,39,9.41
71,39,2.54
72,39,0.566
73,39,0.182
74,39,0.0638
75,39,0.0242
76,39,0.00927
77,39,0.00371
78,39,0.00135
79,39,0.000458
80,39,0.000134
81,39,3.19E-05
82,39,6.99E-06
84,39,4.51E-07
34,40,0.00132
35,40,0.0393
36,40,1.16
37,40,33.5
38,40,955
39,40,26800
40,40,735000
41,40,2.32E+07
42,40,4.16E+08
43,40,4.00E+09
44,40,2.20E+10
45,40,7.24E+10
46,40,1.47E+11
47,40,1.83E+11
48,40,1.22E+11
49,40,4.64E+10
50,40,4.73E+10
51,40,8.18E+10
52,40,1.27E+11
53,40,1.80E+11
54,40,2.28E+11
55,40,2.66E+11
56,40,6.99E+13
57,40,2.65E+09
58,40,5.96E+08
59,40,6.41E+08
60,40,8.38E+08
61,40,2.00E+08
62,40,6.74E+07
63,40,2.08E+07
64,40,1.47E+07
65,40,1800000
66,40,549000
67,40,27100
68,40,7590
69,40,252
70,40,75.7
71,40,14.7
72,40,4.18
73,40,1.26
74,40,0.432
75,40,0.161
76,40,0.0613
77,40,0.0247
78,40,0.00903
79,40,0.00313
80,40,0.000922
81,40,0.000226
82,40,5.07E-05
84,40,3.11E-06
86,40,2.47E-07
88,40,1.30E-08
39,41,479
40,41,12300
41,41,299000
42,41,7870000
43,41,1.52E+08
44,41,1.71E+09
45,41,1.18E+10
46,41,5.13E+10
47,41,1.42E+11
48,41,2.37E+11
49,41,1.93E+11
50,41,6.56E+10
51,41,1.99E+10
52,41,1.71E+10
53,41,1.20E+10
54,41,7.40E+09
55,41,4.06E+09
56,41,2.01E+09
57,41,1.06E+09
58,41,1.43E+09
59,41,1.03E+09
60,41,9.53E+08
61,41,4.05E+08
62,41,3.18E+08
63,41,1.28E+08
64,41,9.41E+07
65,41,1.97E+07
66,41,1.60E+07
67,41,1390000
68,41,484000
69,41,20600
70,41,4510
71,41,215
72,41,43.1
73,41,10.7
74,41,3.2
75,41,1.12
76,41,0.421
77,41,0.162
78,41,0.0599
79,41,0.0207
80,41,0.00621
81,41,0.00154
82,41,0.000358
83,41,8.33E-05
84,41,2.31E-05
85,41,6.70E-06
86,41,1.65E-06
88,41,6.68E-08
90,41,1.76E-09
92,41,3.64E-11
94,41,5.04E-12
36,42,0.000431
37,42,0.0118
38,42,0.313
39,42,7.93
40,42,189
41,42,4180
42,42,84800
43,42,1550000
44,42,3.40E+07
45,42,5.47E+08
46,42,4.43E+09
47,42,2.51E+10
48,42,1.09E+11
49,42,2.82E+11
50,42,6.53E+13
51,42,2.66E+10
52,42,1.97E+10
53,42,1.98E+10
54,42,1.55E+10
55,42,1.04E+10
56,42,6.20E+09
57,42,3.33E+09
58,42,1.63E+09
59,42,8.94E+08
60,42,1.13E+09
61,42,3.73E+08
62,42,9.89E+08
63,42,2.49E+08
64,42,2.63E+08
65,42,1.03E+08
66,42,1.12E+08
67,42,1.64E+07
68,42,1.38E+07
69,42,763000
70,42,297000
71,42,3430
72,42,1840
73,42,218
74,42,26
75,42,7.51
76,42,2.57
77,42,1
78,42,0.367
79,42,0.131
80,42,0.0395
81,42,0.0102
82,42,0.00242
83,42,0.000586
84,42,0.000165
85,42,4.84E-05
86,42,1.11E-05
88,42,4.05E-07
90,42,9.12E-09
92,42,1.37E-10
94,42,9.83E-12
96,42,5.22E-12
98,42,2.53E-12
42,43,621
43,43,20600
44,43,645000
45,43,2.14E+07
46,43,3.65E+08
47,43,3.20E+09
48,43,1.50E+10
49,43,3.94E+10
50,43,6.19E+10
51,43,5.97E+10
52,43,3.80E+10
53,43,1.82E+10
54,43,2.13E+10
55,43,1.90E+10
56,43,1.41E+10
57,43,9.16E+09
58,43,5.42E+09
59,43,2.96E+09
60,43,1.68E+09
61,43,1.32E+09
62,43,1.30E+09
63,43,6.02E+08
64,43,4.51E+08
65,43,2.99E+08
66,43,2.92E+08
67,43,1.88E+08
68,43,1.01E+08
69,43,3.86E+07
70,43,9960000
71,43,827000
72,43,224000
73,43,7870
74,43,1230
75,43,66.6
76,43,19.6
77,43,6.5
78,43,2.39
79,43,0.873
80,43,0.272
81,43,0.0702
82,43,0.0164
83,43,0.00401
84,43,0.00114
85,43,0.000325
86,43,7.74E-05
87,43,1.85E-05
88,43,2.66E-06
89,43,4.59E-07
90,43,5.39E-08
92,43,7.00E-10
94,43,2.12E-11
96,43,1.02E-11
98,43,4.45E-12
100,43,1.50E-12
39,44,0.000393
40,44,0.0119
41,44,0.371
42,44,11.5
43,44,357
44,44,11300
45,44,338000
46,44,1.19E+07
47,44,2.18E+08
48,44,2.10E+09
49,44,1.11E+10
50,44,3.38E+10
51,44,6.26E+10
52,44,7.39E+10
53,44,5.40E+10
54,44,2.81E+10
55,44,2.10E+10
56,44,2.21E+10
57,44,1.83E+10
58,44,1.33E+10
59,44,8.80E+09
60,44,5.38E+09
61,44,3.09E+09
62,44,1.68E+09
63,44,8.66E+08
64,44,1.68E+09
65,44,4.69E+08
66,44,4.64E+08
67,44,3.54E+08
68,44,3.51E+08
69,44,2.12E+08
70,44,9.12E+07
71,44,1.47E+07
72,44,5670000
73,44,350000
74,44,92800
75,44,2300
76,44,607
77,44,52.2
78,44,15.9
79,44,5.82
80,44,1.85
81,44,0.469
82,44,0.11
83,44,0.0258
84,44,0.00734
85,44,0.00213
86,44,0.0005
87,44,0.000121
88,44,1.77E-05
89,44,2.98E-06
90,44,3.52E-07
91,44,5.79E-08
92,44,4.10E-09
94,44,5.51E-11
96,44,2.23E-11
98,44,8.62E-12
100,44,2.65E-12
102,44,1.16E-12
43,45,6.25
44,45,186
45,45,5560
46,45,161000
47,45,5650000
48,45,1.11E+08
49,45,1.19E+09
50,45,7.21E+09
51,45,2.62E+10
52,45,5.93E+10
53,45,8.62E+10
54,45,7.64E+10
55,45,4.33E+10
56,45,1.91E+10
57,45,2.33E+10
58,45,2.29E+10
59,45,1.88E+10
60,45,1.39E+10
61,45,9.59E+09
62,45,6.20E+09
63,45,3.79E+09
64,45,2.20E+09
65,45,1.21E+09
66,45,1.70E+09
67,45,5.03E+08
68,45,5.72E+08
69,45,4.22E+08
70,45,3.51E+08
71,45,1.71E+08
72,45,6.21E+07
73,45,1.43E+07
74,45,3030000
75,45,316000
76,45,39800
77,45,1450
78,45,238
79,45,52.7
80,45,15.8
81,45,3.64
82,45,0.788
83,45,0.172
84,45,0.0469
85,45,0.014
86,45,0.0032
87,45,0.000794
88,45,0.000113
89,45,1.95E-05
90,45,2.19E-06
91,45,3.49E-07
92,45,2.32E-08
93,45,1.48E-09
94,45,2.17E-10
95,45,1.04E-10
96,45,6.01E-11
97,45,3.45E-11
98,45,1.96E-11
100,45,5.73E-12
102,45,1.93E-12
104,45,1.55E-12
40,46,3.91E-06
41,46,0.000119
42,46,0.00356
43,46,0.105
44,46,3.04
45,46,86.5
46,46,2420
47,46,65100
48,46,2060000
49,46,4.38E+07
50,46,5.29E+08
51,46,3.83E+09
52,46,1.73E+10
53,46,5.03E+10
54,46,9.35E+10
55,46,1.07E+11
56,46,6.72E+10
57,46,2.72E+10
58,46,2.19E+10
59,46,2.56E+10
60,46,2.48E+10
61,46,2.10E+10
62,46,1.63E+10
63,46,1.19E+10
64,46,8.19E+09
65,46,5.34E+09
66,46,3.28E+09
67,46,1.88E+09
68,46,9.93E+08
69,46,4.88E+08
70,46,6.39E+08
71,46,3.88E+08
72,46,2.84E+08
73,46,1.03E+08
74,46,3.70E+07
75,46,6620000
76,46,1390000
77,46,101000
78,46,13600
79,46,1640
80,46,354
81,46,33.8
82,46,6.45
83,46,1.14
84,46,0.294
85,46,0.0914
86,46,0.0204
87,46,0.00523
88,46,0.000734
89,46,0.000125
90,46,1.41E-05
91,46,2.12E-06
92,46,1.44E-07
93,46,8.55E-09
94,46,1.24E-09
95,46,4.06E-10
96,46,2.09E-10
97,46,1.09E-10
98,46,5.51E-11
99,46,2.78E-11
100,46,1.34E-11
102,46,3.38E-12
104,46,2.47E-12
106,46,1.99E-12
46,47,34.2
47,47,857
48,47,20200
49,47,480000
50,47,1.15E+07
51,47,1.59E+08
52,47,1.45E+09
53,47,8.71E+09
54,47,3.49E+10
55,47,9.06E+10
56,47,1.43E+11
57,47,1.07E+11
58,47,4.38E+10
59,47,2.20E+10
60,47,2.41E+10
61,47,2.82E+10
62,47,2.86E+10
63,47,2.56E+10
64,47,2.12E+10
65,47,1.66E+10
66,47,1.22E+10
67,47,8.43E+09
68,47,5.41E+09
69,47,3.19E+09
70,47,1.69E+09
71,47,7.80E+08
72,47,5.54E+08
73,47,3.16E+08
74,47,2.12E+08
75,47,5.72E+07
76,47,2.15E+07
77,47,2730000
78,47,551000
79,47,102000
80,47,26700
81,47,1420
82,47,103
83,47,9
84,47,2.07
85,47,0.649
86,47,0.138
87,47,0.0379
88,47,0.00494
89,47,0.00084
90,47,9.03E-05
91,47,1.35E-05
92,47,9.12E-07
93,47,5.05E-08
94,47,7.87E-09
95,47,2.02E-09
96,47,9.56E-10
97,47,4.43E-10
98,47,2.05E-10
99,47,9.17E-11
100,47,4.00E-11
101,47,1.66E-11
102,47,6.53E-12
104,47,4.31E-12
106,47,3.31E-12
108,47,2.46E-12
42,48,9.18E-07
43,48,2.56E-05
44,48,0.000695
45,48,0.0181
46,48,0.448
47,48,10.4
48,48,224
49,48,4820
50,48,144000
51,48,3750000
52,48,5.66E+07
53,48,5.21E+08
54,48,3.08E+09
55,48,1.65E+10
56,48,6.92E+10
57,48,1.70E+11
58,48,4.76E+13
59,48,7.07E+10
60,48,3.89E+10
61,48,1.82E+10
62,48,2.54E+10
63,48,3.12E+10
64,48,3.45E+10
65,48,3.37E+10
66,48,3.05E+10
67,48,2.59E+10
68,48,2.06E+10
69,48,1.52E+10
70,48,1.03E+10
71,48,6.25E+09
72,48,3.32E+09
73,48,1.48E+09
74,48,5.27E+08
75,48,2.00E+08
76,48,1.17E+08
77,48,2.71E+07
78,48,7800000
79,48,2990000
80,48,1240000
81,48,97400
82,48,9370
83,48,117
84,48,23.7
85,48,5.18
86,48,0.963
87,48,0.298
88,48,0.0359
89,48,0.00598
90,48,0.000595
91,48,9.02E-05
92,48,5.90E-06
93,48,3.20E-07
94,48,5.43E-08
95,48,1.20E-08
96,48,5.33E-09
97,48,2.29E-09
98,48,9.54E-10
99,48,3.92E-10
100,48,1.54E-10
101,48,5.76E-11
102,48,2.01E-11
103,48,1.10E-11
104,48,8.33E-12
106,48,5.71E-12
108,48,3.89E-12
110,48,2.76E-12
112,48,1.61E-12
116,48,4.98E-13
47,49,0.0923
48,49,2.37
49,49,58.3
50,49,1360
51,49,29400
52,49,849000
53,49,1.54E+07
54,49,1.66E+08
55,49,1.08E+09
56,49,5.18E+09
57,49,1.90E+10
58,49,5.00E+10
59,49,9.22E+10
60,49,1.11E+11
61,49,7.19E+10
62,49,2.38E+10
63,49,1.77E+10
64,49,2.45E+10
65,49,3.27E+10
66,49,4.00E+10
67,49,4.55E+10
68,49,4.72E+10
69,49,4.52E+10
70,49,4.03E+10
71,49,3.32E+10
72,49,2.49E+10
73,49,1.66E+10
74,49,9.55E+09
75,49,5.21E+08
76,49,3.11E+08
77,49,1.21E+08
78,49,6.45E+07
79,49,3.94E+07
80,49,2.43E+07
81,49,5860000
82,49,442000
83,49,16000
84,49,224
85,49,68.5
86,49,10.1
87,49,2.82
88,49,0.291
89,49,0.0496
90,49,0.00434
91,49,0.000669
92,49,4.20E-05
93,49,2.15E-06
94,49,3.94E-07
95,49,8.10E-08
96,49,3.35E-08
97,49,1.36E-08
98,49,5.36E-09
99,49,2.02E-09
100,49,7.35E-10
101,49,2.52E-10
102,49,8.00E-11
103,49,2.58E-11
104,49,1.86E-11
105,49,1.36E-11
106,49,1.10E-11
107,49,8.87E-12
108,49,7.08E-12
110,49,4.46E-12
112,49,2.49E-12
114,49,1.41E-12
116,49,6.93E-13
118,49,2.60E-13
120,49,2.33E-13
44,50,6.49E-08
45,50,1.76E-06
46,50,4.63E-05
47,50,0.00118
48,50,0.0286
49,50,0.653
50,50,13.9
51,50,289
52,50,10300
53,50,340000
54,50,6590000
55,50,7.69E+07
56,50,5.59E+08
57,50,2.61E+09
58,50,8.17E+09
59,50,2.57E+10
60,50,7.52E+10
61,50,1.45E+11
62,50,4.20E+13
63,50,2.11E+10
64,50,1.29E+10
65,50,1.81E+10
66,50,2.28E+10
67,50,2.70E+10
68,50,3.76E+10
69,50,4.95E+10
70,50,6.20E+10
71,50,7.38E+10
72,50,8.36E+10
73,50,8.71E+10
74,50,3.88E+13
75,50,4.36E+09
76,50,2.32E+09
77,50,1.05E+09
78,50,3.79E+08
79,50,1.58E+08
80,50,2.27E+08
81,50,6.23E+07
82,50,1.73E+07
83,50,1070000
84,50,9810
85,50,5250
86,50,94.1
87,50,33.9
88,50,3.51
89,50,0.464
90,50,0.0357
91,50,0.00564
92,50,0.000332
93,50,1.66E-05
94,50,3.03E-06
95,50,6.29E-07
96,50,2.29E-07
97,50,9.01E-08
98,50,3.37E-08
99,50,1.21E-08
100,50,4.15E-09
101,50,1.33E-09
102,50,3.93E-10
103,50,1.05E-10
104,50,4.76E-11
105,50,3.21E-11
106,50,2.29E-11
107,50,1.77E-11
108,50,1.34E-11
110,50,7.84E-12
112,50,4.37E-12
114,50,2.12E-12
116,50,9.88E-13
118,50,3.55E-13
120,50,2.92E-13
122,50,2.84E-13
52,51,103
53,51,3170
54,51,110000
55,51,2300000
56,51,2.95E+07
57,51,2.39E+08
58,51,1.28E+09
59,51,4.68E+09
60,51,1.22E+10
61,51,2.35E+10
62,51,3.43E+10
63,51,3.90E+10
64,51,3.33E+10
65,51,2.32E+10
66,51,1.32E+10
67,51,1.67E+10
68,51,2.27E+10
69,51,2.83E+10
70,51,3.29E+10
71,51,3.57E+10
72,51,3.57E+10
73,51,3.35E+10
74,51,2.96E+10
75,51,2.42E+10
76,51,1.82E+10
77,51,1.22E+10
78,51,7.11E+09
79,51,3.40E+08
80,51,6.88E+08
81,51,4.15E+08
82,51,1.79E+08
83,51,1.12E+07
84,51,1790000
85,51,257000
86,51,2600
87,51,3410
88,51,270
89,51,6.22
90,51,0.356
91,51,0.0558
92,51,0.00315
93,51,0.000131
94,51,2.31E-05
95,51,4.69E-06
96,51,1.83E-06
97,51,6.34E-07
98,51,2.31E-07
99,51,7.99E-08
100,51,2.61E-08
101,51,8.00E-09
102,51,2.23E-09
103,51,5.60E-10
104,51,1.60E-10
105,51,9.45E-11
106,51,5.84E-11
107,51,3.98E-11
108,51,2.89E-11
109,51,2.07E-11
110,51,1.49E-11
111,51,1.07E-11
112,51,7.61E-12
114,51,3.40E-12
115,51,2.30E-12
116,51,1.47E-12
117,51,9.14E-13
118,51,5.05E-13
119,51,4.38E-13
120,51,4.38E-13
121,51,4.05E-13
122,51,3.88E-13
124,51,3.65E-13
50,52,0.00168
51,52,0.0458
52,52,1.21
53,52,31.2
54,52,782
55,52,27900
56,52,619000
57,52,8580000
58,52,7.74E+07
59,52,4.75E+08
60,52,2.06E+09
61,52,6.54E+09
62,52,1.57E+10
63,52,2.91E+10
64,52,4.23E+10
65,52,4.84E+10
66,52,4.09E+10
67,52,2.69E+10
68,52,1.35E+10
69,52,1.58E+10
70,52,1.85E+10
71,52,2.46E+10
72,52,3.26E+10
73,52,4.14E+10
74,52,5.03E+10
75,52,5.85E+10
76,52,6.47E+10
77,52,6.64E+10
78,52,3.38E+13
79,52,2.94E+09
80,52,1.57E+09
81,52,9.23E+08
82,52,4.17E+08
83,52,2.21E+08
84,52,3740000
85,52,1.93E+07
86,52,164000
87,52,258000
88,52,1210
89,52,416
90,52,4.42
91,52,0.7
92,52,0.0339
93,52,0.00125
94,52,0.000193
95,52,3.65E-05
96,52,1.39E-05
97,52,5.15E-06
98,52,1.84E-06
99,52,5.74E-07
100,52,1.81E-07
101,52,5.30E-08
102,52,1.42E-08
103,52,3.35E-09
104,52,7.94E-10
105,52,3.54E-10
106,52,1.98E-10
107,52,1.10E-10
108,52,7.00E-11
109,52,4.72E-11
110,52,3.14E-11
111,52,2.15E-11
112,52,1.45E-11
113,52,9.69E-12
114,52,6.41E-12
115,52,3.76E-12
116,52,2.33E-12
117,52,1.38E-12
118,52,7.44E-13
119,52,6.11E-13
120,52,5.88E-13
121,52,5.94E-13
122,52,5.23E-13
124,52,4.86E-13
126,52,4.19E-13
55,53,173
56,53,4820
57,53,111000
58,53,1670000
59,53,2.24E+07
60,53,1.91E+08
61,53,1.03E+09
62,53,3.50E+09
63,53,7.68E+09
64,53,1.76E+10
65,53,3.43E+10
66,53,5.34E+10
67,53,6.54E+10
68,53,5.55E+10
69,53,3.30E+10
70,53,1.26E+10
71,53,1.11E+10
72,53,1.40E+10
73,53,1.63E+10
74,53,1.81E+10
75,53,2.62E+10
76,53,2.56E+10
77,53,2.38E+10
78,53,2.08E+10
79,53,1.70E+10
80,53,1.27E+10
81,53,8.60E+09
82,53,5.08E+09
83,53,2.15E+08
84,53,1.72E+08
85,53,1.26E+08
86,53,2420000
87,53,9800000
88,53,49900
89,53,48100
90,53,123
91,53,40.6
92,53,0.509
93,53,0.0159
94,53,0.00218
95,53,0.000304
96,53,0.00011
97,53,4.05E-05
98,53,1.41E-05
99,53,4.68E-06
100,53,1.35E-06
101,53,3.81E-07
102,53,9.65E-08
103,53,2.17E-08
104,53,4.42E-09
105,53,1.63E-09
106,53,8.51E-10
107,53,4.40E-10
108,53,2.25E-10
109,53,1.30E-10
110,53,8.05E-11
111,53,5.04E-11
112,53,3.12E-11
113,53,1.96E-11
114,53,1.21E-11
115,53,7.38E-12
116,53,3.96E-12
117,53,2.25E-12
118,53,1.16E-12
119,53,9.11E-13
120,53,8.53E-13
121,53,8.47E-13
122,53,8.41E-13
124,53,6.88E-13
126,53,5.85E-13
53,54,0.0033
54,54,0.0721
55,54,1.48
56,54,33
57,54,1000
58,54,32300
59,54,748000
60,54,1.15E+07
61,54,1.11E+08
62,54,6.74E+08
63,54,2.56E+09
64,54,6.31E+09
65,54,1.04E+10
66,54,1.55E+10
67,54,3.57E+10
68,54,6.65E+10
69,54,9.50E+10
70,54,3.25E+13
71,54,7.35E+09
72,54,5.98E+09
73,54,8.97E+09
74,54,1.24E+10
75,54,1.63E+10
76,54,2.07E+10
77,54,2.53E+10
78,54,2.97E+10
79,54,3.36E+10
80,54,3.61E+10
81,54,3.63E+10
82,54,2.17E+13
83,54,3.80E+08
84,54,9.66E+07
85,54,8.02E+08
86,54,2.14E+07
87,54,1.27E+08
88,54,1.57E+07
89,54,789000
90,54,3560
91,54,6200
92,54,7.58
93,54,2.27
94,54,0.0452
95,54,0.00484
96,54,0.000902
97,54,0.000326
98,54,0.000112
99,54,3.65E-05
100,54,1.10E-05
101,54,2.84E-06
102,54,6.91E-07
103,54,1.47E-07
104,54,2.68E-08
105,54,9.03E-09
106,54,4.29E-09
107,54,2.08E-09
108,54,9.78E-10
109,54,4.66E-10
110,54,2.51E-10
111,54,1.41E-10
112,54,8.21E-11
113,54,4.68E-11
114,54,2.68E-11
115,54,1.50E-11
116,54,8.29E-12
117,54,4.00E-12
118,54,1.98E-12
119,54,1.45E-12
120,54,1.34E-12
121,54,1.31E-12
122,54,1.22E-12
124,54,1.05E-12
126,54,8.26E-13
56,55,0.282
57,55,10.7
58,55,346
59,55,12300
60,55,329000
61,55,5700000
62,55,6.09E+07
63,55,4.04E+08
64,55,1.71E+09
65,55,4.77E+09
66,55,9.06E+09
67,55,1.22E+10
68,55,1.19E+10
69,55,8.91E+09
70,55,7.68E+09
71,55,8.99E+09
72,55,8.92E+09
73,55,7.74E+09
74,55,6.19E+09
75,55,4.67E+09
76,55,3.37E+09
77,55,2.32E+09
78,55,1.54E+09
79,55,9.78E+08
80,55,6.56E+08
81,55,4.28E+08
82,55,5.71E+08
83,55,4.73E+08
84,55,8.18E+08
85,55,5.59E+08
86,55,5.30E+08
87,55,1.99E+08
88,55,7660000
89,55,3.44E+07
90,55,280000
91,55,65900
92,55,238
93,55,141
94,55,1.29
95,55,0.135
96,55,0.0105
97,55,0.00269
98,55,0.000907
99,55,0.000288
100,55,8.42E-05
101,55,2.23E-05
102,55,5.01E-06
103,55,1.02E-06
104,55,1.78E-07
105,55,5.82E-08
106,55,2.46E-08
107,55,1.12E-08
108,55,5.09E-09
109,55,2.24E-09
110,55,1.00E-09
111,55,5.19E-10
112,55,2.70E-10
113,55,1.40E-10
114,55,7.22E-11
115,55,3.69E-11
116,55,1.86E-11
117,55,9.06E-12
118,55,3.77E-12
119,55,2.44E-12
120,55,2.22E-12
121,55,2.09E-12
122,55,1.94E-12
123,55,1.75E-12
124,55,1.62E-12
125,55,1.47E-12
126,55,1.19E-12
55,56,7.35E-05
56,56,0.00215
57,56,0.0702
58,56,2.59
59,56,86.5
60,56,3330
61,56,97900
62,56,1810000
63,56,2.09E+07
64,56,2.14E+08
65,56,1.02E+09
66,56,3.25E+09
67,56,7.16E+09
68,56,1.13E+10
69,56,1.33E+10
70,56,1.16E+10
71,56,8.28E+09
72,56,8.14E+09
73,56,9.46E+09
74,56,9.60E+09
75,56,8.64E+09
76,56,7.25E+09
77,56,5.77E+09
78,56,4.40E+09
79,56,3.21E+09
80,56,2.24E+09
81,56,1.48E+09
82,56,9.27E+08
83,56,5.85E+08
84,56,4.42E+08
85,56,4.76E+08
86,56,7.52E+08
87,56,3.13E+08
88,56,8.22E+08
89,56,3.17E+07
90,56,3.00E+07
91,56,3510000
92,56,126000
93,56,688
94,56,35.2
95,56,3.99
96,56,0.329
97,56,0.0286
98,56,0.00778
99,56,0.00233
100,56,0.000652
101,56,0.000166
102,56,3.73E-05
103,56,7.11E-06
104,56,1.27E-06
105,56,4.09E-07
106,56,1.64E-07
107,56,6.65E-08
108,56,2.89E-08
109,56,1.22E-08
110,56,5.05E-09
111,56,2.30E-09
112,56,1.09E-09
113,56,5.27E-10
114,56,2.46E-10
115,56,1.14E-10
116,56,5.17E-11
117,56,2.29E-11
118,56,9.57E-12
119,56,4.37E-12
120,56,3.97E-12
121,56,3.61E-12
122,56,3.10E-12
123,56,2.83E-12
124,56,2.51E-12
125,56,2.20E-12
126,56,1.93E-12
58,57,0.0265
59,57,0.931
60,57,30.6
61,57,1160
62,57,36900
63,57,738000
64,57,9320000
65,57,7.58E+07
66,57,4.07E+08
67,57,1.48E+09
68,57,3.79E+09
69,57,7.01E+09
70,57,9.72E+09
71,57,1.04E+10
72,57,8.52E+09
73,57,5.92E+09
74,57,6.39E+09
75,57,7.56E+09
76,57,8.05E+09
77,57,7.64E+09
78,57,6.77E+09
79,57,5.71E+09
80,57,4.61E+09
81,57,3.53E+09
82,57,2.57E+09
83,57,1.77E+09
84,57,1.58E+09
85,57,9.36E+08
86,57,4.98E+08
87,57,4.06E+08
88,57,3.93E+08
89,57,9.40E+07
90,57,1.64E+08
91,57,3610000
92,57,2520000
93,57,13800
94,57,1320
95,57,107
96,57,9.99
97,57,0.485
98,57,0.0847
99,57,0.0174
100,57,0.00432
101,57,0.001
102,57,0.00021
103,57,3.89E-05
104,57,7.45E-06
105,57,2.20E-06
106,57,8.04E-07
107,57,3.49E-07
108,57,1.34E-07
109,57,5.56E-08
110,57,2.21E-08
111,57,8.64E-09
112,57,3.90E-09
113,57,1.74E-09
114,57,7.54E-10
115,57,4.47E-10
116,57,1.86E-10
117,57,7.46E-11
118,57,2.85E-11
119,57,1.01E-11
120,57,5.66E-12
121,57,4.80E-12
122,57,4.16E-12
123,57,3.58E-12
124,57,3.08E-12
125,57,2.59E-12
126,57,2.20E-12
127,57,1.88E-12
56,58,3.53E-07
57,58,1.07E-05
58,58,0.000329
59,58,0.00998
60,58,0.315
61,58,9.63
62,58,331
63,58,11400
64,58,248000
65,58,3470000
66,58,3.17E+07
67,58,1.94E+08
68,58,8.20E+08
69,58,2.47E+09
70,58,5.48E+09
71,58,9.18E+09
72,58,1.20E+10
73,58,1.22E+10
74,58,9.81E+09
75,58,6.68E+09
76,58,6.75E+09
77,58,8.43E+09
78,58,9.64E+09
79,58,1.01E+10
80,58,9.79E+09
81,58,8.94E+09
82,58,7.76E+09
83,58,6.41E+09
84,58,4.99E+09
85,58,3.63E+09
86,58,2.44E+09
87,58,1.48E+09
88,58,1.83E+09
89,58,3.59E+08
90,58,4.09E+08
91,58,4.40E+07
92,58,1.97E+07
93,58,869000
94,58,66700
95,58,2520
96,58,281
97,58,12.1
98,58,2.25
99,58,0.351
100,58,0.0671
101,58,0.0135
102,58,0.00248
103,58,0.000407
104,58,6.36E-05
105,58,1.93E-05
106,58,6.08E-06
107,58,2.57E-06
108,58,1.07E-06
109,58,4.01E-07
110,58,1.56E-07
111,58,5.89E-08
112,58,2.38E-08
113,58,1.00E-08
114,58,4.22E-09
115,58,1.70E-09
116,58,6.55E-10
117,58,2.44E-10
118,58,8.56E-11
119,58,2.81E-11
120,58,1.26E-11
121,58,1.05E-11
122,58,8.51E-12
123,58,7.11E-12
124,58,5.81E-12
125,58,4.82E-12
126,58,3.93E-12
61,59,0.0946
62,59,2.64
63,59,74.8
64,59,2800
65,59,66600
66,59,1030000
67,59,1.05E+07
68,59,7.32E+07
69,59,3.60E+08
70,59,1.29E+09
71,59,3.48E+09
72,59,7.17E+09
73,59,1.16E+10
74,59,1.49E+10
75,59,1.51E+10
76,59,1.20E+10
77,59,7.92E+09
78,59,6.35E+09
79,59,8.57E+09
80,59,1.07E+10
81,59,1.26E+10
82,59,1.41E+10
83,59,1.46E+10
84,59,1.42E+10
85,59,1.30E+10
86,59,1.13E+10
87,59,9.16E+09
88,59,6.82E+09
89,59,4.57E+09
90,59,2.69E+09
91,59,2.71E+07
92,59,1.18E+07
93,59,907000
94,59,221000
95,59,41800
96,59,5780
97,59,254
98,59,52.2
99,59,8.9
100,59,1.54
101,59,0.301
102,59,0.0513
103,59,0.00756
104,59,0.000952
105,59,0.000169
106,59,4.80E-05
107,59,2.01E-05
108,59,8.27E-06
109,59,3.31E-06
110,59,1.28E-06
111,59,4.45E-07
112,59,1.62E-07
113,59,6.75E-08
114,59,2.73E-08
115,59,1.06E-08
116,59,3.97E-09
117,59,1.41E-09
118,59,4.68E-10
119,59,1.43E-10
120,59,3.98E-11
121,59,2.40E-11
122,59,1.89E-11
123,59,1.50E-11
124,59,1.16E-11
125,59,9.31E-12
126,59,7.36E-12
58,60,4.73E-08
59,60,1.32E-06
60,60,3.60E-05
61,60,0.000949
62,60,0.0246
63,60,0.624
64,60,18.1
65,60,677
66,60,19300
67,60,360000
68,60,4390000
69,60,3.55E+07
70,60,1.95E+08
71,60,7.41E+08
72,60,2.02E+09
73,60,4.22E+09
74,60,8.69E+09
75,60,1.44E+10
76,60,1.92E+10
77,60,2.01E+10
78,60,1.59E+10
79,60,9.78E+09
80,60,5.68E+09
81,60,6.61E+09
82,60,9.23E+09
83,60,1.23E+10
84,60,1.57E+10
85,60,1.93E+10
86,60,2.27E+10
87,60,2.58E+10
88,60,2.77E+10
89,60,2.79E+10
90,60,1.83E+13
91,60,2.79E+08
92,60,3.28E+07
93,60,1.21E+07
94,60,3690000
95,60,894000
96,60,163000
97,60,4390
98,60,1010
99,60,193
100,60,35.3
101,60,7.41
102,60,1.33
103,60,0.199
104,60,0.0244
105,60,0.0024
106,60,0.000443
107,60,0.000162
108,60,6.61E-05
109,60,2.65E-05
110,60,1.02E-05
111,60,3.74E-06
112,60,1.28E-06
113,60,5.29E-07
114,60,1.96E-07
115,60,7.56E-08
116,60,2.75E-08
117,60,9.42E-09
118,60,3.02E-09
119,60,8.75E-10
120,60,2.27E-10
121,60,6.03E-11
122,60,4.45E-11
123,60,3.39E-11
124,60,2.55E-11
125,60,1.93E-11
126,60,1.46E-11
128,60,8.28E-12
136,60,6.63E-13
63,61,0.00538
64,61,0.14
65,61,5.18
66,61,206
67,61,6330
68,61,127000
69,61,1690000
70,61,1.51E+07
71,61,9.29E+07
72,61,4.03E+08
73,61,1.26E+09
74,61,2.94E+09
75,61,5.22E+09
76,61,9.50E+09
77,61,1.73E+10
78,61,2.54E+10
79,61,2.89E+10
80,61,2.27E+10
81,61,1.24E+10
82,61,6.93E+09
83,61,6.46E+09
84,61,5.68E+09
85,61,4.76E+09
86,61,3.84E+09
87,61,2.96E+09
88,61,2.19E+09
89,61,1.47E+09
90,61,9.38E+08
91,61,5.50E+08
92,61,2.91E+08
93,61,1.36E+08
94,61,5.38E+07
95,61,1.75E+07
96,61,4440000
97,61,62700
98,61,16400
99,61,3560
100,61,681
101,61,158
102,61,31.3
103,61,5.13
104,61,0.675
105,61,0.0686
106,61,0.00663
107,61,0.00134
108,61,0.000541
109,61,0.000213
110,61,8.14E-05
111,61,2.95E-05
112,61,1.01E-05
113,61,4.06E-06
114,61,1.61E-06
115,61,5.77E-07
116,61,2.06E-07
117,61,6.86E-08
118,61,2.11E-08
119,61,5.84E-09
120,61,1.43E-09
121,61,3.03E-10
122,61,1.18E-10
123,61,8.39E-11
124,61,5.98E-11
125,61,4.31E-11
126,61,3.10E-11
128,61,1.62E-11
130,61,8.39E-12
132,61,4.39E-12
134,61,2.06E-12
136,61,9.90E-13
138,61,3.78E-13
140,61,9.83E-14
61,62,8.49E-08
62,62,1.98E-06
63,62,4.42E-05
64,62,0.00129
65,62,0.0406
66,62,1.4
67,62,51.1
68,62,1690
69,62,36600
70,62,550000
71,62,5710000
72,62,4.04E+07
73,62,2.00E+08
74,62,7.06E+08
75,62,1.82E+09
76,62,3.80E+09
77,62,6.33E+09
78,62,8.53E+09
79,62,1.85E+10
80,62,3.29E+10
81,62,4.45E+10
82,62,1.89E+13
83,62,7.57E+09
84,62,8.44E+09
85,62,8.68E+09
86,62,8.28E+09
87,62,7.51E+09
88,62,6.51E+09
89,62,5.40E+09
90,62,4.14E+09
91,62,3.00E+09
92,62,2.01E+09
93,62,1.22E+09
94,62,6.51E+08
95,62,2.98E+08
96,62,1.12E+08
97,62,1120000
98,62,226000
99,62,57100
100,62,11700
101,62,2790
102,62,622
103,62,115
104,62,16.9
105,62,1.9
106,62,0.155
107,62,0.0268
108,62,0.00458
109,62,0.00173
110,62,0.000643
111,62,0.000228
112,62,7.76E-05
113,62,3.18E-05
114,62,1.25E-05
115,62,4.65E-06
116,62,1.63E-06
117,62,5.08E-07
118,62,1.50E-07
119,62,3.97E-08
120,62,9.18E-09
121,62,1.83E-09
122,62,3.43E-10
123,62,2.32E-10
124,62,1.55E-10
125,62,1.05E-10
126,62,7.05E-11
128,62,3.34E-11
130,62,1.60E-11
132,62,7.67E-12
134,62,3.32E-12
136,62,1.49E-12
138,62,5.45E-13
140,62,1.34E-13
142,62,1.92E-14
144,62,1.41E-15
65,63,0.000368
66,63,0.0104
67,63,0.33
68,63,12.2
69,63,449
70,63,11200
71,63,187000
72,63,2130000
73,63,1.67E+07
74,63,9.27E+07
75,63,3.73E+08
76,63,1.11E+09
77,63,2.51E+09
78,63,4.45E+09
79,63,7.32E+09
80,63,9.99E+09
81,63,1.15E+10
82,63,1.08E+10
83,63,8.67E+09
84,63,6.06E+09
85,63,7.69E+09
86,63,9.45E+09
87,63,1.09E+10
88,63,1.20E+10
89,63,1.23E+10
90,63,1.20E+10
91,63,1.11E+10
92,63,9.40E+09
93,63,7.58E+09
94,63,5.63E+09
95,63,3.78E+09
96,63,2.23E+09
97,63,2.23E+07
98,63,2670000
99,63,805000
100,63,198000
101,63,40700
102,63,10400
103,63,2190
104,63,371
105,63,47.9
106,63,4.48
107,63,0.585
108,63,0.104
109,63,0.0154
110,63,0.00525
111,63,0.00177
112,63,0.000603
113,63,0.000244
114,63,9.47E-05
115,63,3.48E-05
116,63,1.19E-05
117,63,3.77E-06
118,63,1.04E-06
119,63,2.64E-07
120,63,5.79E-08
121,63,1.09E-08
122,63,1.72E-09
123,63,7.38E-10
124,63,4.65E-10
125,63,2.92E-10
126,63,1.88E-10
127,63,1.20E-10
128,63,7.83E-11
130,63,3.36E-11
131,63,2.20E-11
132,63,1.47E-11
133,63,9.67E-12
134,63,6.42E-12
135,63,3.79E-12
136,63,2.41E-12
137,63,1.42E-12
138,63,8.09E-13
140,63,1.89E-13
142,63,2.60E-14
144,63,1.84E-15
146,63,5.57E-17
61,64,5.26E-12
63,64,4.48E-09
64,64,1.25E-07
65,64,3.39E-06
66,64,8.91E-05
67,64,0.00229
68,64,0.0715
69,64,2.66
70,64,107
71,64,2860
72,64,54000
73,64,713000
74,64,6480000
75,64,4.12E+07
76,64,1.88E+08
77,64,6.25E+08
78,64,1.55E+09
79,64,3.07E+09
80,64,5.12E+09
81,64,7.98E+09
82,64,1.16E+10
83,64,1.42E+10
84,64,1.45E+10
85,64,1.21E+10
86,64,8.55E+09
87,64,5.86E+09
88,64,8.05E+09
89,64,1.06E+10
90,64,1.34E+10
91,64,1.63E+10
92,64,1.93E+10
93,64,2.21E+10
94,64,2.31E+10
95,64,2.31E+10
96,64,1.71E+13
97,64,2.31E+08
98,64,2.70E+07
99,64,9980000
100,64,3070000
101,64,752000
102,64,147000
103,64,36300
104,64,7250
105,64,1110
106,64,124
107,64,11.4
108,64,2.17
109,64,0.344
110,64,0.0438
111,64,0.0119
112,64,0.00459
113,64,0.00182
114,64,0.000692
115,64,0.000249
116,64,8.33E-05
117,64,2.55E-05
118,64,7.01E-06
119,64,1.68E-06
120,64,3.55E-07
121,64,6.39E-08
122,64,9.68E-09
123,64,2.22E-09
124,64,1.27E-09
125,64,7.35E-10
126,64,4.41E-10
127,64,2.65E-10
128,64,1.60E-10
130,64,5.93E-11
131,64,3.70E-11
132,64,2.27E-11
133,64,1.45E-11
134,64,9.15E-12
135,64,5.64E-12
136,64,3.09E-12
137,64,1.76E-12
138,64,9.48E-13
140,64,2.07E-13
142,64,2.70E-14
144,64,1.83E-15
146,64,5.48E-17
148,64,9.57E-20
69,65,0.0175
70,65,0.728
71,65,22.8
72,65,596
73,65,12400
74,65,176000
75,65,1750000
76,65,1.23E+07
77,65,6.28E+07
78,65,2.37E+08
79,65,6.77E+08
80,65,1.50E+09
81,65,2.61E+09
82,65,4.15E+09
83,65,7.71E+09
84,65,1.25E+10
85,65,1.75E+10
86,65,2.06E+10
87,65,1.89E+10
88,65,1.36E+10
89,65,7.50E+09
90,65,3.59E+09
91,65,3.00E+09
92,65,2.40E+09
93,65,1.85E+09
94,65,1.35E+09
95,65,9.43E+08
96,65,6.18E+08
97,65,3.37E+08
98,65,1.78E+08
99,65,8.27E+07
100,65,3.28E+07
101,65,1.07E+07
102,65,2740000
103,65,414000
104,65,100000
105,65,18900
106,65,2630
107,65,148
108,65,30.8
109,65,5.31
110,65,0.733
111,65,0.172
112,65,0.0448
113,65,0.0111
114,65,0.00399
115,65,0.00138
116,65,0.000444
117,65,0.000131
118,65,3.49E-05
119,65,8.22E-06
120,65,1.68E-06
121,65,2.93E-07
122,65,4.31E-08
123,65,1.29E-08
124,65,6.84E-09
125,65,3.37E-09
126,65,1.85E-09
127,65,1.04E-09
128,65,5.68E-10
129,65,3.26E-10
130,65,1.85E-10
131,65,1.06E-10
132,65,6.16E-11
133,65,3.63E-11
134,65,2.10E-11
135,65,1.23E-11
136,65,6.95E-12
137,65,3.76E-12
138,65,1.76E-12
139,65,8.19E-13
140,65,3.52E-13
141,65,1.27E-13
142,65,4.32E-14
143,65,1.11E-14
144,65,2.84E-15
146,65,8.22E-17
148,65,1.40E-19
66,66,5.43E-09
67,66,1.49E-07
68,66,3.97E-06
69,66,0.000103
70,66,0.00415
71,66,0.194
72,66,6.67
73,66,163
74,66,3460
75,66,57500
76,66,663000
77,66,5380000
78,66,3.13E+07
79,66,1.33E+08
80,66,4.22E+08
81,66,1.02E+09
82,66,1.92E+09
83,66,3.22E+09
84,66,4.65E+09
85,66,6.90E+09
86,66,8.85E+09
87,66,1.43E+10
88,66,2.09E+10
89,66,2.46E+10
90,66,1.27E+13
91,66,5.99E+09
92,66,5.66E+09
93,66,5.10E+09
94,66,4.39E+09
95,66,3.61E+09
96,66,2.83E+09
97,66,2.08E+09
98,66,1.43E+09
99,66,7.99E+08
100,66,4.27E+08
101,66,1.96E+08
102,66,7.40E+07
103,66,5880000
104,66,1790000
105,66,433000
106,66,79300
107,66,2340
108,66,540
109,66,103
110,66,15.8
111,66,3.19
112,66,0.826
113,66,0.195
114,66,0.0415
115,66,0.0116
116,66,0.00346
117,66,0.000962
118,66,0.000245
119,66,5.58E-05
120,66,1.12E-05
121,66,1.92E-06
122,66,2.80E-07
123,66,8.36E-08
124,66,4.14E-08
125,66,2.09E-08
126,66,9.79E-09
127,66,5.12E-09
128,66,2.64E-09
129,66,1.39E-09
130,66,7.32E-10
131,66,3.89E-10
132,66,2.07E-10
133,66,1.09E-10
134,66,5.96E-11
135,66,3.20E-11
136,66,1.67E-11
137,66,8.42E-12
138,66,4.06E-12
139,66,1.63E-12
140,66,6.67E-13
141,66,2.33E-13
142,66,7.58E-14
143,66,1.93E-14
144,66,4.72E-15
146,66,1.33E-16
148,66,2.15E-19
71,67,0.000925
72,67,0.0488
73,67,1.85
74,67,49.7
75,67,1050
76,67,18700
77,67,233000
78,67,2080000
79,67,1.36E+07
80,67,6.69E+07
81,67,2.42E+08
82,67,6.65E+08
83,67,1.40E+09
84,67,2.45E+09
85,67,3.73E+09
86,67,5.32E+09
87,67,7.45E+09
88,67,1.08E+10
89,67,1.37E+10
90,67,1.48E+10
91,67,1.28E+10
92,67,9.00E+09
93,67,8.21E+09
94,67,8.92E+09
95,67,9.04E+09
96,67,8.69E+09
97,67,7.97E+09
98,67,6.95E+09
99,67,5.70E+09
100,67,4.36E+09
101,67,2.69E+09
102,67,1.59E+09
103,67,7.23E+07
104,67,2.86E+07
105,67,9310000
106,67,2380000
107,67,32000
108,67,8340
109,67,1810
110,67,314
111,67,57.4
112,67,15.9
113,67,3.96
114,67,0.877
115,67,0.169
116,67,0.0364
117,67,0.00908
118,67,0.0021
119,67,0.000442
120,67,8.34E-05
121,67,1.38E-05
122,67,2.00E-06
123,67,6.39E-07
124,67,2.97E-07
125,67,1.42E-07
126,67,6.86E-08
127,67,3.41E-08
128,67,1.56E-08
129,67,7.79E-09
130,67,3.84E-09
131,67,1.90E-09
132,67,9.46E-10
133,67,4.67E-10
134,67,2.30E-10
135,67,1.12E-10
136,67,5.36E-11
137,67,2.48E-11
138,67,1.10E-11
139,67,4.50E-12
140,67,1.55E-12
141,67,5.24E-13
142,67,1.60E-13
143,67,4.05E-14
144,67,9.30E-15
145,67,1.65E-15
146,67,2.50E-16
147,67,1.36E-17
148,67,3.60E-19
68,68,2.99E-10
69,68,8.38E-09
70,68,2.28E-07
71,68,6.01E-06
72,68,0.000195
73,68,0.0116
74,68,0.483
75,68,14.3
76,68,305
77,68,5430
78,68,79100
79,68,817000
80,68,6060000
81,68,3.30E+07
82,68,1.44E+08
83,68,4.60E+08
84,68,1.09E+09
85,68,1.97E+09
86,68,2.92E+09
87,68,4.15E+09
88,68,6.01E+09
89,68,7.98E+09
90,68,1.06E+10
91,68,1.66E+10
92,68,2.26E+10
93,68,2.54E+10
94,68,1.45E+13
95,68,8.47E+09
96,68,1.06E+10
97,68,1.29E+10
98,68,1.52E+10
99,68,1.73E+10
100,68,1.85E+10
101,68,1.89E+10
102,68,1.49E+13
103,68,7.23E+08
104,68,3.85E+08
105,68,1.77E+08
106,68,6.72E+07
107,68,674000
108,68,115000
109,68,28700
110,68,5820
111,68,907
112,68,267
113,68,72.5
114,68,17.4
115,68,3.62
116,68,0.638
117,68,0.137
118,68,0.0291
119,68,0.00551
120,68,0.000931
121,68,0.000139
122,68,1.86E-05
123,68,5.07E-06
124,68,2.35E-06
125,68,1.09E-06
126,68,5.13E-07
127,68,2.46E-07
128,68,1.18E-07
129,68,5.71E-08
130,68,2.55E-08
131,68,1.22E-08
132,68,5.86E-09
133,68,2.76E-09
134,68,1.27E-09
135,68,5.85E-10
136,68,2.59E-10
137,68,1.11E-10
138,68,4.48E-11
139,68,1.71E-11
140,68,5.98E-12
141,68,1.71E-12
142,68,4.84E-13
143,68,1.18E-13
144,68,2.52E-14
145,68,4.32E-15
146,68,6.09E-16
147,68,3.02E-17
148,68,6.87E-19
75,69,0.119
76,69,3.86
77,69,90.7
78,69,1560
79,69,24500
80,69,275000
81,69,2330000
82,69,1.58E+07
83,69,7.73E+07
84,69,2.79E+08
85,69,7.55E+08
86,69,1.56E+09
87,69,2.53E+09
88,69,3.29E+09
89,69,4.72E+09
90,69,5.99E+09
91,69,8.88E+09
92,69,1.19E+10
93,69,1.40E+10
94,69,1.39E+10
95,69,1.16E+10
96,69,8.07E+09
97,69,8.24E+09
98,69,8.70E+09
99,69,8.66E+09
100,69,8.25E+09
101,69,7.51E+09
102,69,6.52E+09
103,69,5.34E+09
104,69,3.73E+09
105,69,2.50E+09
106,69,1.49E+09
107,69,1.49E+07
108,69,1410000
109,69,419000
110,69,102000
111,69,19500
112,69,3760
113,69,1120
114,69,298
115,69,68.2
116,69,13.2
117,69,2.63
118,69,0.566
119,69,0.107
120,69,0.0172
121,69,0.00238
122,69,0.000279
123,69,4.11E-05
124,69,1.89E-05
125,69,8.85E-06
126,69,4.14E-06
127,69,1.96E-06
128,69,9.37E-07
129,69,4.47E-07
130,69,2.13E-07
131,69,9.50E-08
132,69,4.48E-08
133,69,2.06E-08
134,69,9.31E-09
135,69,4.11E-09
136,69,1.74E-09
137,69,7.05E-10
138,69,2.71E-10
139,69,9.62E-11
140,69,3.15E-11
141,69,9.22E-12
142,69,2.18E-12
143,69,4.90E-13
144,69,9.52E-14
145,69,1.53E-14
146,69,1.93E-15
147,69,8.68E-17
148,69,1.62E-18
70,70,1.42E-11
71,70,4.05E-10
72,70,1.13E-08
73,70,3.03E-07
74,70,8.34E-06
75,70,0.000424
76,70,0.0273
77,70,0.973
78,70,25.1
79,70,478
80,70,6760
81,70,81700
82,70,851000
83,70,6400000
84,70,3.53E+07
85,70,1.45E+08
86,70,4.48E+08
87,70,1.07E+09
88,70,2.02E+09
89,70,3.06E+09
90,70,3.80E+09
91,70,5.00E+09
92,70,6.85E+09
93,70,8.35E+09
94,70,1.20E+10
95,70,1.75E+10
96,70,2.27E+10
97,70,2.44E+10
98,70,1.52E+13
99,70,8.73E+09
100,70,1.08E+10
101,70,1.28E+10
102,70,1.49E+10
103,70,1.67E+10
104,70,1.78E+10
105,70,1.81E+10
106,70,1.57E+13
107,70,1.81E+08
108,70,1.53E+07
109,70,5570000
110,70,1690000
111,70,412000
112,70,75900
113,70,14600
114,70,4320
115,70,1110
116,70,240
117,70,47.6
118,70,11.1
119,70,2.23
120,70,0.38
121,70,0.0536
122,70,0.00615
123,70,0.000575
124,70,0.000152
125,70,7.12E-05
126,70,3.38E-05
127,70,1.61E-05
128,70,7.68E-06
129,70,3.68E-06
130,70,1.75E-06
131,70,8.32E-07
132,70,3.87E-07
133,70,1.68E-07
134,70,7.49E-08
135,70,3.23E-08
136,70,1.33E-08
137,70,5.21E-09
138,70,1.91E-09
139,70,6.44E-10
140,70,1.97E-10
141,70,5.43E-11
142,70,1.31E-11
143,70,2.47E-12
144,70,4.34E-13
145,70,6.36E-14
146,70,7.25E-15
147,70,3.00E-16
148,70,4.76E-18
75,71,2.06E-06
76,71,9.47E-05
77,71,0.00512
78,71,0.197
79,71,5.52
80,71,114
81,71,1760
82,71,22100
83,71,259000
84,71,2270000
85,71,1.46E+07
86,71,6.87E+07
87,71,2.42E+08
88,71,6.51E+08
89,71,1.36E+09
90,71,2.41E+09
91,71,3.53E+09
92,71,4.35E+09
93,71,5.25E+09
94,71,6.91E+09
95,71,9.58E+09
96,71,1.20E+10
97,71,1.33E+10
98,71,1.25E+10
99,71,1.01E+10
100,71,6.98E+09
101,71,3.94E+09
102,71,2.04E+09
103,71,1.55E+09
104,71,1.12E+09
105,71,7.71E+08
106,71,4.96E+08
107,71,2.95E+08
108,71,1.60E+08
109,71,6.55E+07
110,71,2.58E+07
111,71,8420000
112,71,2160000
113,71,160000
114,71,53400
115,71,15500
116,71,3840
117,71,783
118,71,190
119,71,42.2
120,71,7.89
121,71,1.21
122,71,0.148
123,71,0.0141
124,71,0.00122
125,71,0.000556
126,71,0.000266
127,71,0.000129
128,71,6.19E-05
129,71,2.98E-05
130,71,1.43E-05
131,71,6.73E-06
132,71,3.12E-06
133,71,1.42E-06
134,71,5.98E-07
135,71,2.53E-07
136,71,1.01E-07
137,71,3.82E-08
138,71,1.34E-08
139,71,4.34E-09
140,71,1.26E-09
141,71,3.25E-10
142,71,7.27E-11
143,71,1.40E-11
144,71,2.08E-12
145,71,2.78E-13
146,71,2.93E-14
147,71,1.13E-15
148,71,1.62E-17
72,72,6.41E-13
73,72,1.76E-11
74,72,4.87E-10
75,72,1.43E-08
76,72,4.86E-07
77,72,1.97E-05
78,72,0.00116
79,72,0.0489
80,72,1.5
81,72,34.2
82,72,582
83,72,7530
84,72,74600
85,72,631000
86,72,4430000
87,72,2.32E+07
88,72,1.19E+08
89,72,3.65E+08
90,72,8.76E+08
91,72,1.68E+09
92,72,2.67E+09
93,72,3.92E+09
94,72,4.94E+09
95,72,5.57E+09
96,72,7.04E+09
97,72,8.15E+09
98,72,1.24E+10
99,72,1.72E+10
100,72,2.14E+10
101,72,2.23E+10
102,72,1.57E+13
103,72,3.43E+09
104,72,2.89E+09
105,72,2.32E+09
106,72,2.30E+09
107,72,1.67E+09
108,72,1.12E+09
109,72,6.91E+08
110,72,3.81E+08
111,72,1.55E+08
112,72,5.88E+07
113,72,1490000
114,72,566000
115,72,189000
116,72,54300
117,72,13000
118,72,2780
119,72,692
120,72,145
121,72,25
122,72,3.41
123,72,0.357
124,72,0.0275
125,72,0.00428
126,72,0.002
127,72,0.000971
128,72,0.000473
129,72,0.000229
130,72,0.00011
131,72,5.17E-05
132,72,2.39E-05
133,72,1.07E-05
134,72,4.61E-06
135,72,1.90E-06
136,72,7.22E-07
137,72,2.64E-07
138,72,8.91E-08
139,72,2.73E-08
140,72,7.54E-09
141,72,1.83E-09
142,72,3.86E-10
143,72,7.00E-11
144,72,1.06E-11
145,72,1.22E-12
146,72,1.19E-13
147,72,4.44E-15
148,72,5.88E-17
77,73,1.09E-07
78,73,4.32E-06
79,73,0.000241
80,73,0.0111
81,73,0.376
82,73,9.43
83,73,178
84,73,2550
85,73,28100
86,73,240000
87,73,1760000
88,73,1.07E+07
89,73,4.85E+07
90,73,1.67E+08
91,73,4.42E+08
92,73,9.21E+08
93,73,1.60E+09
94,73,2.38E+09
95,73,3.38E+09
96,73,4.43E+09
97,73,5.10E+09
98,73,5.99E+09
99,73,7.70E+09
100,73,9.01E+09
101,73,9.31E+09
102,73,8.35E+09
103,73,6.66E+09
104,73,6.91E+09
105,73,6.78E+09
106,73,6.35E+09
107,73,5.69E+09
108,73,4.84E+09
109,73,3.88E+09
110,73,2.89E+09
111,73,1.97E+09
112,73,1.20E+09
113,73,1.20E+07
114,73,4500000
115,73,1750000
116,73,590000
117,73,168000
118,73,38900
119,73,7740
120,73,1850
121,73,467
122,73,73.3
123,73,8.81
124,73,0.772
125,73,0.0386
126,73,0.0115
127,73,0.0054
128,73,0.00262
129,73,0.00163
130,73,0.000781
131,73,0.000367
132,73,0.000168
133,73,7.41E-05
134,73,3.14E-05
135,73,1.26E-05
136,73,4.80E-06
137,73,1.66E-06
138,73,5.41E-07
139,73,1.59E-07
140,73,4.17E-08
141,73,9.67E-09
142,73,1.94E-09
143,73,3.33E-10
144,73,4.77E-11
145,73,5.63E-12
146,73,4.82E-13
147,73,1.74E-14
148,73,2.21E-16
75,74,9.30E-13
76,74,2.57E-11
77,74,7.36E-10
78,74,2.33E-08
79,74,8.89E-07
80,74,4.55E-05
81,74,0.00231
82,74,0.0859
83,74,2.38
84,74,49.8
85,74,795
86,74,9780
87,74,93300
88,74,693000
89,74,4410000
90,74,2.24E+07
91,74,8.76E+07
92,74,2.66E+08
93,74,6.37E+08
94,74,1.23E+09
95,74,1.93E+09
96,74,2.84E+09
97,74,3.68E+09
98,74,5.25E+09
99,74,6.63E+09
100,74,7.42E+09
101,74,7.58E+09
102,74,1.08E+10
103,74,1.42E+10
104,74,1.69E+10
105,74,1.69E+10
106,74,1.31E+13
107,74,1.09E+10
108,74,1.25E+10
109,74,1.38E+10
110,74,1.44E+10
111,74,1.44E+10
112,74,1.38E+13
113,74,1.45E+08
114,74,3.99E+07
115,74,1.85E+07
116,74,7570000
117,74,2660000
118,74,780000
119,74,183000
120,74,32700
121,74,7060
122,74,1310
123,74,186
124,74,19.4
125,74,0.613
126,74,0.0894
127,74,0.0421
128,74,0.0198
129,74,0.0095
130,74,0.0045
131,74,0.00209
132,74,0.000938
133,74,0.000406
134,74,0.000167
135,74,6.55E-05
136,74,2.40E-05
137,74,8.15E-06
138,74,2.54E-06
139,74,7.08E-07
140,74,1.78E-07
141,74,3.93E-08
142,74,7.54E-09
143,74,1.23E-09
144,74,1.69E-10
145,74,1.90E-11
146,74,1.67E-12
147,74,5.47E-14
148,74,6.76E-16
79,75,4.78E-09
80,75,1.72E-07
81,75,7.74E-06
82,75,0.000431
83,75,0.0177
84,75,0.544
85,75,12.7
86,75,226
87,75,3120
88,75,33300
89,75,278000
90,75,1810000
91,75,9900000
92,75,4.19E+07
93,75,1.38E+08
94,75,3.64E+08
95,75,8.15E+08
96,75,1.50E+09
97,75,2.31E+09
98,75,3.18E+09
99,75,4.32E+09
100,75,5.35E+09
101,75,7.76E+09
102,75,1.00E+10
103,75,1.15E+10
104,75,1.08E+10
105,75,8.59E+09
106,75,5.65E+09
107,75,2.95E+09
108,75,2.22E+09
109,75,1.79E+09
110,75,1.39E+09
111,75,1.03E+09
112,75,7.33E+08
113,75,4.93E+08
114,75,3.11E+08
115,75,1.81E+08
116,75,8.35E+07
117,75,3.74E+07
118,75,1.44E+07
119,75,4570000
120,75,1150000
121,75,126000
122,75,28700
123,75,5090
124,75,669
125,75,13.1
126,75,1.18
127,75,0.317
128,75,0.146
129,75,0.0674
130,75,0.0313
131,75,0.0143
132,75,0.00632
133,75,0.00269
134,75,0.00109
135,75,0.000415
136,75,0.000148
137,75,4.89E-05
138,75,1.48E-05
139,75,4.02E-06
140,75,9.77E-07
141,75,2.09E-07
142,75,3.89E-08
143,75,6.17E-09
144,75,8.21E-10
145,75,9.01E-11
146,75,7.76E-12
147,75,2.63E-13
148,75,3.04E-15
78,76,1.13E-12
79,76,3.17E-11
80,76,9.40E-10
81,76,3.17E-08
82,76,1.24E-06
83,76,7.21E-05
84,76,0.00328
85,76,0.112
86,76,2.93
87,76,58.6
88,76,905
89,76,10900
90,76,102000
91,76,748000
92,76,4300000
93,76,1.93E+07
94,76,6.95E+07
95,76,2.05E+08
96,76,4.87E+08
97,76,9.52E+08
98,76,1.68E+09
99,76,2.60E+09
100,76,3.49E+09
101,76,4.69E+09
102,76,6.19E+09
103,76,7.31E+09
104,76,1.05E+10
105,76,1.51E+10
106,76,1.90E+10
107,76,1.94E+10
108,76,1.46E+13
109,76,4.33E+09
110,76,3.89E+09
111,76,3.36E+09
112,76,2.79E+09
113,76,2.22E+09
114,76,1.67E+09
115,76,1.19E+09
116,76,7.88E+08
117,76,4.78E+08
118,76,2.25E+08
119,76,1.01E+08
120,76,3.83E+07
121,76,2070000
122,76,595000
123,76,137000
124,76,24100
125,76,286
126,76,30.6
127,76,2.53
128,76,1.09
129,76,0.482
130,76,0.213
131,76,0.0937
132,76,0.0402
133,76,0.0167
134,76,0.00657
135,76,0.00245
136,76,0.000851
137,76,0.000274
138,76,8.06E-05
139,76,2.15E-05
140,76,5.12E-06
141,76,1.08E-06
142,76,1.96E-07
143,76,3.06E-08
144,76,4.03E-09
145,76,4.39E-10
146,76,3.77E-11
147,76,1.25E-12
148,76,1.47E-14
83,77,2.04E-07
84,77,1.16E-05
85,77,0.000545
86,77,0.0208
87,77,0.61
88,77,13.7
89,77,239
90,77,3230
91,77,33800
92,77,272000
93,77,1700000
94,77,8340000
95,77,3.25E+07
96,77,1.02E+08
97,77,2.63E+08
98,77,5.80E+08
99,77,1.09E+09
100,77,1.73E+09
101,77,2.71E+09
102,77,3.82E+09
103,77,4.79E+09
104,77,6.38E+09
105,77,8.67E+09
106,77,1.06E+10
107,77,1.14E+10
108,77,1.04E+10
109,77,8.03E+09
110,77,6.50E+09
111,77,6.87E+09
112,77,6.87E+09
113,77,6.60E+09
114,77,6.10E+09
115,77,5.40E+09
116,77,4.55E+09
117,77,3.63E+09
118,77,2.70E+09
119,77,1.85E+09
120,77,9.85E+08
121,77,2.98E+07
122,77,1.13E+07
123,77,3560000
124,77,889000
125,77,8940
126,77,866
127,77,22.2
128,77,9
129,77,3.72
130,77,1.55
131,77,0.641
132,77,0.261
133,77,0.103
134,77,0.0392
135,77,0.0141
136,77,0.00474
137,77,0.00148
138,77,0.000426
139,77,0.000111
140,77,2.62E-05
141,77,5.44E-06
142,77,9.86E-07
143,77,1.54E-07
144,77,2.04E-08
145,77,2.25E-09
146,77,1.97E-10
147,77,6.34E-12
148,77,7.31E-14
80,78,3.99E-14
81,78,1.12E-12
82,78,3.21E-11
83,78,9.68E-10
84,78,3.24E-08
85,78,2.05E-06
86,78,0.000105
87,78,0.00389
88,78,0.115
89,78,2.91
90,78,56.7
91,78,835
92,78,9380
93,78,81500
94,78,553000
95,78,2980000
96,78,1.28E+07
97,78,4.49E+07
98,78,1.29E+08
99,78,3.10E+08
100,78,6.27E+08
101,78,1.12E+09
102,78,1.79E+09
103,78,2.50E+09
104,78,3.77E+09
105,78,5.19E+09
106,78,6.42E+09
107,78,7.40E+09
108,78,1.12E+10
109,78,1.54E+10
110,78,1.88E+10
111,78,1.86E+10
112,78,1.56E+13
113,78,7.89E+09
114,78,9.38E+09
115,78,1.08E+10
116,78,1.22E+10
117,78,1.32E+10
118,78,1.36E+10
119,78,1.35E+10
120,78,1.58E+13
121,78,3.92E+08
122,78,1.82E+08
123,78,8.18E+07
124,78,3.08E+07
125,78,309000
126,78,26700
127,78,270
128,78,81.1
129,78,32.8
130,78,13
131,78,5.1
132,78,1.96
133,78,0.729
134,78,0.261
135,78,0.0888
136,78,0.0285
137,78,0.00854
138,78,0.00237
139,78,0.000601
140,78,0.000138
141,78,2.83E-05
142,78,5.12E-06
143,78,8.06E-07
144,78,1.09E-07
145,78,1.24E-08
146,78,1.13E-09
147,78,3.54E-11
148,78,3.98E-13
85,79,5.03E-09
86,79,3.37E-07
87,79,1.87E-05
88,79,0.000754
89,79,0.0224
90,79,0.53
91,79,11
92,79,172
93,79,2080
94,79,19500
95,79,144000
96,79,852000
97,79,4060000
98,79,1.59E+07
99,79,5.12E+07
100,79,1.38E+08
101,79,3.17E+08
102,79,6.24E+08
103,79,1.06E+09
104,79,1.67E+09
105,79,2.44E+09
106,79,3.20E+09
107,79,4.67E+09
108,79,6.63E+09
109,79,8.57E+09
110,79,1.00E+10
111,79,1.02E+10
112,79,8.99E+09
113,79,6.85E+09
114,79,5.76E+09
115,79,5.95E+09
116,79,5.89E+09
117,79,5.61E+09
118,79,5.15E+09
119,79,4.53E+09
120,79,3.81E+09
121,79,3.02E+09
122,79,2.25E+09
123,79,1.38E+09
124,79,8.14E+08
125,79,8140000
126,79,873000
127,79,8780
128,79,721
129,79,297
130,79,120
131,79,46.5
132,79,17.6
133,79,6.37
134,79,2.2
135,79,0.719
136,79,0.22
137,79,0.0626
138,79,0.0165
139,79,0.00396
140,79,0.000865
141,79,0.00017
142,79,3.01E-05
143,79,4.70E-06
144,79,6.46E-07
145,79,7.67E-08
146,79,7.34E-09
147,79,2.22E-10
148,79,2.43E-12
80,80,1.46E-18
81,80,3.99E-17
82,80,1.10E-15
83,80,3.04E-14
84,80,8.48E-13
85,80,2.39E-11
86,80,7.27E-10
87,80,4.86E-08
88,80,2.87E-06
89,80,0.000123
90,80,0.00386
91,80,0.0916
92,80,1.66
93,80,27.4
94,80,356
95,80,3620
96,80,29200
97,80,189000
98,80,1000000
99,80,4340000
100,80,1.57E+07
101,80,4.78E+07
102,80,1.24E+08
103,80,2.77E+08
104,80,5.41E+08
105,80,9.32E+08
106,80,1.44E+09
107,80,2.08E+09
108,80,2.95E+09
109,80,3.83E+09
110,80,4.61E+09
111,80,7.30E+09
112,80,1.06E+10
113,80,1.41E+10
114,80,1.67E+10
115,80,1.61E+10
116,80,1.50E+13
117,80,6.91E+09
118,80,8.13E+09
119,80,9.32E+09
120,80,1.04E+10
121,80,1.11E+10
122,80,1.14E+10
123,80,1.13E+10
124,80,1.43E+13
125,80,1.12E+08
126,80,3.09E+07
127,80,310000
128,80,5830
129,80,2530
130,80,1060
131,80,432
132,80,168
133,80,62.6
134,80,22
135,80,7.24
136,80,2.21
137,80,0.624
138,80,0.16
139,80,0.0369
140,80,0.00763
141,80,0.00141
142,80,0.000232
143,80,3.42E-05
144,80,4.58E-06
145,80,5.52E-07
146,80,5.52E-08
147,80,1.60E-09
148,80,1.69E-11
89,81,4.71E-07
90,81,2.16E-05
91,81,0.000729
92,81,0.0186
93,81,0.362
94,81,5.53
95,81,67.8
96,81,679
97,81,5620
98,81,39000
99,81,226000
100,81,1090000
101,81,4400000
102,81,1.47E+07
103,81,4.10E+07
104,81,9.54E+07
105,81,1.97E+08
106,81,3.90E+08
107,81,6.93E+08
108,81,1.12E+09
109,81,1.64E+09
110,81,2.23E+09
111,81,3.15E+09
112,81,4.26E+09
113,81,5.38E+09
114,81,6.34E+09
115,81,6.97E+09
116,81,6.89E+09
117,81,6.27E+09
118,81,5.22E+09
119,81,4.77E+09
120,81,4.38E+09
121,81,3.85E+09
122,81,3.20E+09
123,81,2.51E+09
124,81,1.83E+09
125,81,1.22E+09
126,81,7.25E+08
127,81,7270000
128,81,45600
129,81,18800
130,81,8440
131,81,3630
132,81,1500
133,81,588
134,81,218
135,81,75.4
136,81,24.2
137,81,7.05
138,81,1.87
139,81,0.438
140,81,0.0906
141,81,0.0163
142,81,0.00254
143,81,0.000345
144,81,4.25E-05
145,81,4.88E-06
146,81,4.95E-07
147,81,1.34E-08
148,81,1.35E-10
84,82,3.46E-17
85,82,9.58E-16
86,82,2.64E-14
87,82,7.01E-13
88,82,1.95E-11
89,82,1.42E-09
90,82,9.08E-08
91,82,4.49E-06
92,82,0.000164
93,82,0.00451
94,82,0.0948
95,82,1.56
96,82,20.6
97,82,223
98,82,2010
99,82,15100
100,82,96200
101,82,514000
102,82,2300000
103,82,8580000
104,82,2.67E+07
105,82,6.93E+07
106,82,1.51E+08
107,82,2.76E+08
108,82,4.26E+08
109,82,5.57E+08
110,82,6.29E+08
111,82,7.83E+08
112,82,1.13E+09
113,82,1.89E+09
114,82,2.45E+09
115,82,3.05E+09
116,82,4.27E+09
117,82,5.65E+09
118,82,8.94E+09
119,82,1.06E+10
120,82,1.14E+10
121,82,1.08E+10
122,82,1.23E+13
123,82,7.38E+09
124,82,7.53E+09
125,82,7.36E+09
126,82,9.72E+12
127,82,7.39E+07
128,82,240000
129,82,121000
130,82,59800
131,82,24500
132,82,10800
133,82,4530
134,82,1790
135,82,661
136,82,226
137,82,70.2
138,82,19.7
139,82,4.89
140,82,1.06
141,82,0.197
142,82,0.0309
143,82,0.00408
144,82,0.000466
145,82,4.89E-05
146,82,4.76E-06
147,82,1.16E-07
148,82,1.09E-09
99,83,647
100,83,5320
101,83,37100
102,83,219000
103,83,1090000
104,83,4520000
105,83,1.57E+07
106,83,4.57E+07
107,83,1.11E+08
108,83,2.27E+08
109,83,3.89E+08
110,83,5.67E+08
111,83,7.10E+08
112,83,7.74E+08
113,83,7.37E+08
114,83,7.48E+08
115,83,1.12E+09
116,83,1.61E+09
117,83,2.22E+09
118,83,2.94E+09
119,83,3.74E+09
120,83,4.60E+09
121,83,5.44E+09
122,83,6.21E+09
123,83,6.74E+09
124,83,6.81E+09
125,83,6.47E+09
126,83,8.22E+12
127,83,6.59E+07
128,83,1250000
129,83,665000
130,83,346000
131,83,174000
132,83,84400
133,83,33600
134,83,14200
135,83,5610
136,83,2060
137,83,687
138,83,255
139,83,68.6
140,83,16.1
141,83,3.22
142,83,0.54
143,83,0.0742
144,83,0.00846
145,83,0.000838
146,83,7.66E-05
147,83,1.66E-06
148,83,1.40E-08
91,84,3.48E-11
92,84,2.46E-09
93,84,1.39E-07
94,84,5.91E-06
95,84,0.00019
96,84,0.00467
97,84,0.09
98,84,1.39
99,84,17.6
100,84,186
101,84,1670
102,84,12800
103,84,83500
104,84,461000
105,84,2140000
106,84,8340000
107,84,2.71E+07
108,84,7.31E+07
109,84,1.65E+08
110,84,3.13E+08
111,84,5.08E+08
112,84,7.09E+08
113,84,8.63E+08
114,84,9.31E+08
115,84,8.82E+08
116,84,7.63E+08
117,84,6.20E+08
118,84,4.80E+08
119,84,3.56E+08
120,84,2.55E+08
121,84,1.78E+08
122,84,1.20E+08
123,84,8.04E+07
124,84,8.13E+07
125,84,7.75E+07
126,84,2.01E+07
127,84,1.22E+07
128,84,7170000
129,84,4120000
130,84,2300000
131,84,1240000
132,84,646000
133,84,321000
134,84,152000
135,84,58300
136,84,23300
137,84,8530
138,84,2830
139,84,833
140,84,214
141,84,47.1
142,84,8.63
143,84,1.29
144,84,0.155
145,84,0.0154
146,84,0.00133
147,84,2.46E-05
148,84,1.81E-07
96,85,3.19E-05
97,85,0.000849
98,85,0.0178
99,85,0.297
100,85,4.09
101,85,47.1
102,85,463
103,85,3910
104,85,28300
105,85,174000
106,85,901000
107,85,3870000
108,85,1.38E+07
109,85,4.10E+07
110,85,1.02E+08
111,85,2.17E+08
112,85,3.92E+08
113,85,6.13E+08
114,85,8.38E+08
115,85,1.01E+09
116,85,1.09E+09
117,85,1.05E+09
118,85,9.28E+08
119,85,7.74E+08
120,85,6.17E+08
121,85,4.74E+08
122,85,3.53E+08
123,85,2.55E+08
124,85,1.80E+08
125,85,1.23E+08
126,85,8.26E+07
127,85,5.41E+07
128,85,3.45E+07
129,85,2.14E+07
130,85,1.30E+07
131,85,7550000
132,85,4250000
133,85,2290000
134,85,1180000
135,85,570000
136,85,259000
137,85,93500
138,85,34500
139,85,11400
140,85,3300
141,85,819
142,85,171
143,85,28.9
144,85,3.92
145,85,0.421
146,85,0.037
147,85,0.00058
148,85,3.55E-06
92,86,7.51E-15
93,86,5.21E-13
94,86,3.96E-11
95,86,2.48E-09
96,86,1.22E-07
97,86,4.58E-06
98,86,0.000132
99,86,0.00299
100,86,0.0545
101,86,0.816
102,86,10.3
103,86,111
104,86,1040
105,86,8370
106,86,56500
107,86,318000
108,86,1490000
109,86,5830000
110,86,1.91E+07
111,86,5.30E+07
112,86,1.25E+08
113,86,2.54E+08
114,86,4.46E+08
115,86,6.85E+08
116,86,9.32E+08
117,86,1.13E+09
118,86,1.24E+09
119,86,1.24E+09
120,86,1.13E+09
121,86,9.73E+08
122,86,8.06E+08
123,86,6.43E+08
124,86,4.98E+08
125,86,3.74E+08
126,86,2.74E+08
127,86,1.96E+08
128,86,1.36E+08
129,86,9.20E+07
130,86,6.05E+07
131,86,3.84E+07
132,86,2.36E+07
133,86,1.39E+07
134,86,7820000
135,86,4170000
136,86,2090000
137,86,976000
138,86,419000
139,86,140000
140,86,46400
141,86,13300
142,86,3240
143,86,648
144,86,103
145,86,12.9
146,86,1.24
147,86,0.0165
148,86,7.92E-05
99,87,1.48E-05
100,87,0.000423
101,87,0.00838
102,87,0.137
103,87,1.91
104,87,22.8
105,87,234
106,87,2030
107,87,14800
108,87,90400
109,87,463000
110,87,1990000
111,87,7210000
112,87,2.22E+07
113,87,5.85E+07
114,87,1.33E+08
115,87,2.63E+08
116,87,4.58E+08
117,87,7.04E+08
118,87,9.68E+08
119,87,1.20E+09
120,87,1.36E+09
121,87,1.42E+09
122,87,1.35E+09
123,87,1.22E+09
124,87,1.05E+09
125,87,8.80E+08
126,87,7.12E+08
127,87,5.59E+08
128,87,4.27E+08
129,87,3.17E+08
130,87,2.28E+08
131,87,1.60E+08
132,87,1.08E+08
133,87,7.02E+07
134,87,4.37E+07
135,87,2.60E+07
136,87,1.46E+07
137,87,7650000
138,87,3720000
139,87,1650000
140,87,661000
141,87,200000
142,87,58500
143,87,14200
144,87,2800
145,87,431
146,87,49.8
147,87,0.58
148,87,0.00206
94,88,1.06E-16
95,88,5.41E-15
96,88,3.81E-13
97,88,2.52E-11
98,88,1.35E-09
99,88,5.72E-08
100,88,1.89E-06
101,88,4.93E-05
102,88,0.00105
103,88,0.0185
104,88,0.275
105,88,3.48
106,88,37.6
107,88,344
108,88,2660
109,88,17400
110,88,113000
111,88,532000
112,88,2130000
113,88,7300000
114,88,2.15E+07
115,88,5.48E+07
116,88,1.22E+08
117,88,2.40E+08
118,88,4.18E+08
119,88,6.53E+08
120,88,9.22E+08
121,88,1.19E+09
122,88,1.41E+09
123,88,1.55E+09
124,88,1.58E+09
125,88,1.50E+09
126,88,1.37E+09
127,88,1.20E+09
128,88,1.02E+09
129,88,8.41E+08
130,88,6.73E+08
131,88,5.22E+08
132,88,3.93E+08
133,88,2.85E+08
134,88,1.99E+08
135,88,1.33E+08
136,88,8.45E+07
137,88,5.07E+07
138,88,2.85E+07
139,88,1.48E+07
140,88,6980000
141,88,2960000
142,88,1100000
143,88,300000
144,88,76200
145,88,15400
146,88,2360
147,88,25.2
148,88,0.0671
101,89,1.93E-07
102,89,5.48E-06
103,89,0.000126
104,89,0.00241
105,89,0.0386
106,89,0.525
107,89,6.06
108,89,59.6
109,89,497
110,89,3510
111,89,21000
112,89,107000
113,89,466000
114,89,1740000
115,89,5630000
116,89,1.58E+07
117,89,3.89E+07
118,89,8.46E+07
119,89,1.64E+08
120,89,2.87E+08
121,89,4.54E+08
122,89,7.80E+08
123,89,1.06E+09
124,89,1.32E+09
125,89,1.55E+09
126,89,1.71E+09
127,89,1.77E+09
128,89,1.73E+09
129,89,1.61E+09
130,89,1.45E+09
131,89,1.27E+09
132,89,1.07E+09
133,89,8.79E+08
134,89,6.97E+08
135,89,5.31E+08
136,89,3.88E+08
137,89,2.70E+08
138,89,1.78E+08
139,89,1.10E+08
140,89,6.25E+07
141,89,3.27E+07
142,89,1.53E+07
143,89,6280000
144,89,2210000
145,89,556000
146,89,124000
147,89,1270
148,89,2.81
99,90,1.52E-13
100,90,8.54E-12
101,90,3.98E-10
102,90,1.53E-08
103,90,4.68E-07
104,90,1.16E-05
105,90,0.000239
106,90,0.00408
107,90,0.0592
108,90,0.729
109,90,7.66
110,90,68.7
111,90,525
112,90,3430
113,90,19100
114,90,91700
115,90,379000
116,90,1350000
117,90,4230000
118,90,1.16E+07
119,90,2.84E+07
120,90,6.20E+07
121,90,1.22E+08
122,90,2.20E+08
123,90,3.62E+08
124,90,5.50E+08
125,90,7.78E+08
126,90,1.03E+09
127,90,1.28E+09
128,90,1.51E+09
129,90,1.69E+09
130,90,1.81E+09
131,90,1.83E+09
132,90,1.76E+09
133,90,1.64E+09
134,90,1.47E+09
135,90,1.51E+09
136,90,1.29E+09
137,90,1.05E+09
138,90,8.26E+08
139,90,6.15E+08
140,90,4.33E+08
141,90,2.84E+08
142,90,1.72E+08
143,90,9.47E+07
144,90,4.64E+07
145,90,1.97E+07
146,90,7070000
147,90,71300
148,90,146
105,91,6.61E-07
106,91,1.73E-05
107,91,0.000315
108,91,0.00483
109,91,0.0631
110,91,0.706
111,91,6.78
112,91,55.9
113,91,396
114,91,2400
115,91,12500
116,91,56600
117,91,222000
118,91,765000
119,91,2330000
120,91,6310000
121,91,1.54E+07
122,91,3.40E+07
123,91,6.88E+07
124,91,1.28E+08
125,91,2.21E+08
126,91,3.56E+08
127,91,5.39E+08
128,91,7.71E+08
129,91,1.05E+09
130,91,1.35E+09
131,91,1.67E+09
132,91,1.98E+09
133,91,2.25E+09
134,91,2.48E+09
135,91,2.61E+09
136,91,2.62E+09
137,91,2.54E+09
138,91,2.37E+09
139,91,2.14E+09
140,91,1.86E+09
141,91,1.54E+09
142,91,1.21E+09
143,91,8.99E+08
144,91,6.19E+08
145,91,3.93E+08
146,91,2.23E+08
147,91,2230000
148,91,4510
102,92,2.27E-14
103,92,1.02E-12
104,92,4.06E-11
105,92,1.43E-09
106,92,4.05E-08
107,92,9.34E-07
108,92,1.78E-05
109,92,0.000286
110,92,0.00392
111,92,0.0461
112,92,0.467
113,92,4.08
114,92,30.7
115,92,198
116,92,1100
117,92,5340
118,92,22500
119,92,83600
120,92,275000
121,92,813000
122,92,2160000
123,92,5250000
124,92,1.17E+07
125,92,2.40E+07
126,92,4.61E+07
127,92,8.27E+07
128,92,1.40E+08
129,92,2.25E+08
130,92,3.45E+08
131,92,5.05E+08
132,92,7.11E+08
133,92,9.66E+08
134,92,1.27E+09
135,92,1.62E+09
136,92,2.00E+09
137,92,2.42E+09
138,92,2.85E+09
139,92,3.26E+09
140,92,3.65E+09
141,92,4.00E+09
142,92,4.17E+09
143,92,4.21E+09
144,92,4.10E+09
145,92,3.86E+09
146,92,7.66E+12
147,92,3.92E+07
148,92,80500
109,93,3.67E-07
110,93,6.02E-06
111,93,8.44E-05
112,93,0.00102
113,93,0.0108
114,93,0.0986
115,93,0.781
116,93,5.36
117,93,31.9
118,93,165
119,93,749
120,93,3020
121,93,9130
122,93,24400
123,93,59500
124,93,133000
125,93,274000
126,93,528000
127,93,952000
128,93,1620000
129,93,2610000
130,93,4010000
131,93,5890000
132,93,8320000
133,93,1.13E+07
134,93,1.49E+07
135,93,1.91E+07
136,93,2.37E+07
137,93,2.87E+07
138,93,3.38E+07
139,93,3.88E+07
140,93,4.36E+07
141,93,4.77E+07
142,93,5.00E+07
143,93,5.05E+07
144,93,4.94E+07
145,93,4.66E+07
146,93,2300000
147,93,5040000
148,93,10300
106,94,2.42E-16
107,94,1.29E-14
108,94,5.46E-13
109,94,1.86E-11
110,94,5.12E-10
111,94,1.15E-08
112,94,2.12E-07
113,94,3.21E-06
114,94,4.01E-05
115,94,0.000486
116,94,0.00435
117,94,0.0331
118,94,0.216
119,94,1.23
120,94,6.09
121,94,19
122,94,51.1
123,94,125
124,94,281
125,94,582
126,94,1120
127,94,2040
128,94,3470
129,94,5620
130,94,8660
131,94,12800
132,94,18100
133,94,24800
134,94,32800
135,94,42100
136,94,52400
137,94,63600
138,94,75300
139,94,86900
140,94,98000
141,94,108000
142,94,113000
143,94,115000
144,94,113000
145,94,108000
146,94,5280
147,94,11400
148,94,2300
